id,sno,ss_id,ss_name,PTR_Capacity,Voltage_Rating,maxload,minload,min_loadtime,loaddate,loadtime,created_by,created_on,remarks,transid
240,768,292,220/132/33KV SS Gachibowli,50,132/33KV,33,26,04:00,2026-04-18,15:00,8712462672,2026-04-19 00:21:25.940,,31
241,769,292,220/132/33KV SS Gachibowli,160,220/132KV,104,82,05:00,2026-04-18,23:00,8712462672,2026-04-19 00:21:25.943,,31
242,770,292,220/132/33KV SS Gachibowli,160,220/132KV,116,90,05:00,2026-04-18,23:00,8712462672,2026-04-19 00:21:25.947,,31
243,771,292,220/132/33KV SS Gachibowli,80,132/33KV,57,40,05:00,2026-04-18,01:00,8712462672,2026-04-19 00:21:25.950,,31
244,772,292,220/132/33KV SS Gachibowli,160,220/132KV,116,91,05:00,2026-04-18,23:00,8712462672,2026-04-19 00:21:25.950,,31
245,773,292,220/132/33KV SS Gachibowli,160,220/132KV,115,90,05:00,2026-04-18,23:00,8712462672,2026-04-19 00:21:25.957,,31
246,774,292,220/132/33KV SS Gachibowli,80,132/33KV,59,43,04:00,2026-04-18,15:00,8712462672,2026-04-19 00:21:25.957,,31
247,1094,292,220/132/33KV SS Gachibowli,80,132/33KV,44,31,08:00,2026-04-18,01:00,8712462672,2026-04-19 00:21:25.963,,31
248,768,292,220/132/33KV SS Gachibowli,50,132/33KV,31,26,07:00,2026-04-19,17:00,8712462672,2026-04-20 01:07:13.680,,32
249,769,292,220/132/33KV SS Gachibowli,160,220/132KV,98,75,07:00,2026-04-19,23:00,8712462672,2026-04-20 01:07:13.697,,32
250,770,292,220/132/33KV SS Gachibowli,160,220/132KV,108,83,07:00,2026-04-19,23:00,8712462672,2026-04-20 01:07:13.703,,32
251,771,292,220/132/33KV SS Gachibowli,80,132/33KV,55,39,07:00,2026-04-19,15:00,8712462672,2026-04-20 01:07:13.707,,32
252,772,292,220/132/33KV SS Gachibowli,160,220/132KV,109,83,07:00,2026-04-19,23:00,8712462672,2026-04-20 01:07:13.710,,32
253,773,292,220/132/33KV SS Gachibowli,160,220/132KV,108,83,07:00,2026-04-19,23:00,8712462672,2026-04-20 01:07:13.713,,32
254,774,292,220/132/33KV SS Gachibowli,80,132/33KV,56,43,06:00,2026-04-19,15:00,8712462672,2026-04-20 01:07:13.720,,32
255,1094,292,220/132/33KV SS Gachibowli,80,132/33KV,39,25,18:00,2026-04-19,01:00,8712462672,2026-04-20 01:07:13.720,,32
256,768,292,220/132/33KV SS Gachibowli,50,132/33KV,35,25,04:00,2026-04-20,15:00,8712462672,2026-04-21 00:15:20.490,,33
257,769,292,220/132/33KV SS Gachibowli,160,220/132KV,113,75,04:00,2026-04-20,15:00,8712462672,2026-04-21 00:15:20.493,,33
258,770,292,220/132/33KV SS Gachibowli,160,220/132KV,125,83,04:00,2026-04-20,15:00,8712462672,2026-04-21 00:15:20.500,,33
259,771,292,220/132/33KV SS Gachibowli,80,132/33KV,68,43,04:00,2026-04-20,18:00,8712462672,2026-04-21 00:15:20.503,,33
260,772,292,220/132/33KV SS Gachibowli,160,220/132KV,125,83,04:00,2026-04-20,15:00,8712462672,2026-04-21 00:15:20.503,,33
261,773,292,220/132/33KV SS Gachibowli,160,220/132KV,124,83,04:00,2026-04-20,15:00,8712462672,2026-04-21 00:15:20.517,,33
262,774,292,220/132/33KV SS Gachibowli,80,132/33KV,70,43,04:00,2026-04-20,18:00,8712462672,2026-04-21 00:15:20.520,,33
263,1094,292,220/132/33KV SS Gachibowli,80,132/33KV,45,22,08:00,2026-04-20,23:00,8712462672,2026-04-21 00:15:20.520,,33
264,768,292,220/132/33KV SS Gachibowli,50,132/33KV,36.36,24.24,03:00,2026-04-21,14:00,8712462672,2026-04-22 18:07:55.470,,34
265,769,292,220/132/33KV SS Gachibowli,160,220/132KV,109,84.2,03:00,2026-04-21,14:00,8712462672,2026-04-22 18:07:55.477,,34
266,770,292,220/132/33KV SS Gachibowli,160,220/132KV,121.2,91.2,03:00,2026-04-21,14:00,8712462672,2026-04-22 18:07:55.480,,34
267,771,292,220/132/33KV SS Gachibowli,80,132/33KV,70.7,44.3,04:00,2026-04-21,14:00,8712462672,2026-04-22 18:07:55.483,,34
268,772,292,220/132/33KV SS Gachibowli,160,220/132KV,121.2,94.4,03:00,2026-04-21,14:00,8712462672,2026-04-22 18:07:55.487,,34
269,773,292,220/132/33KV SS Gachibowli,160,220/132KV,120.2,89.9,03:00,2026-04-21,14:00,8712462672,2026-04-22 18:07:55.490,,34
270,774,292,220/132/33KV SS Gachibowli,80,132/33KV,71.7,45.4,04:00,2026-04-21,14:00,8712462672,2026-04-22 18:07:55.493,,34
271,1094,292,220/132/33KV SS Gachibowli,80,132/33KV,38.3,31.7,05:00,2026-04-21,20:00,8712462672,2026-04-22 18:07:55.497,,34
272,768,292,220/132/33KV SS Gachibowli,50,132/33KV,35.5,26.5,03:00,2026-04-22,15:00,8712462672,2026-04-23 11:20:09.570,,35
273,769,292,220/132/33KV SS Gachibowli,160,220/132KV,111.1,86.6,03:00,2026-04-22,15:00,8712462672,2026-04-23 11:20:09.577,,35
274,770,292,220/132/33KV SS Gachibowli,160,220/132KV,123.4,92.5,03:00,2026-04-22,15:00,8712462672,2026-04-23 11:20:09.580,,35
275,771,292,220/132/33KV SS Gachibowli,80,132/33KV,71.4,40.5,04:00,2026-04-22,15:00,8712462672,2026-04-23 11:20:09.580,,35
276,772,292,220/132/33KV SS Gachibowli,160,220/132KV,123.3,94.5,03:00,2026-04-22,15:00,8712462672,2026-04-23 11:20:09.583,,35
277,773,292,220/132/33KV SS Gachibowli,160,220/132KV,122.2,93.5,03:00,2026-04-22,15:00,8712462672,2026-04-23 11:20:09.587,,35
278,774,292,220/132/33KV SS Gachibowli,80,132/33KV,71.2,45.5,04:00,2026-04-22,15:00,8712462672,2026-04-23 11:20:09.590,,35
279,1094,292,220/132/33KV SS Gachibowli,80,132/33KV,44.5,30.5,04:00,2026-04-22,23:00,8712462672,2026-04-23 11:20:09.593,,35
304,768,292,220/132/33KV SS Gachibowli,50,132/33KV,30,24,09:00,2026-04-26,20:00,8712462672,2026-04-27 00:09:42.900,,39
305,769,292,220/132/33KV SS Gachibowli,160,220/132KV,102,77,08:00,2026-04-26,23:00,8712462672,2026-04-27 00:09:42.903,,39
306,770,292,220/132/33KV SS Gachibowli,160,220/132KV,112,85,08:00,2026-04-26,23:00,8712462672,2026-04-27 00:09:42.907,,39
307,771,292,220/132/33KV SS Gachibowli,80,132/33KV,52,38,07:00,2026-04-26,23:00,8712462672,2026-04-27 00:09:42.910,,39
308,772,292,220/132/33KV SS Gachibowli,160,220/132KV,112,86,08:00,2026-04-26,23:00,8712462672,2026-04-27 00:09:42.910,,39
309,773,292,220/132/33KV SS Gachibowli,160,220/132KV,111,85,08:00,2026-04-26,23:00,8712462672,2026-04-27 00:09:42.913,,39
310,774,292,220/132/33KV SS Gachibowli,80,132/33KV,51,37,07:00,2026-04-26,23:00,8712462672,2026-04-27 00:09:42.917,,39
311,1094,292,220/132/33KV SS Gachibowli,80,132/33KV,42,27,09:00,2026-04-26,23:00,8712462672,2026-04-27 00:09:42.920,,39
320,768,292,220/132/33KV SS Gachibowli,50,132/33KV,36,23,04:00,2026-04-28,13:00,8712462672,2026-04-28 22:37:33.853,,41
321,769,292,220/132/33KV SS Gachibowli,160,220/132KV,115,78,05:00,2026-04-28,14:00,8712462672,2026-04-28 22:37:33.860,,41
181,768,292,220/132/33KV SS Gachibowli,50,132/33KV,27.27,21.21,04:00,2026-04-11,17:00,8712462672,2026-04-12 11:14:10.987,,24
182,769,292,220/132/33KV SS Gachibowli,160,220/132KV,106.06,79.8,04:00,2026-04-11,22:00,8712462672,2026-04-12 11:14:11.000,,24
183,770,292,220/132/33KV SS Gachibowli,160,220/132KV,117.2,88.9,04:00,2026-04-11,22:00,8712462672,2026-04-12 11:14:11.003,,24
184,771,292,220/132/33KV SS Gachibowli,80,132/33KV,48.5,41.4,05:00,2026-04-11,13:00,8712462672,2026-04-12 11:14:11.007,,24
185,772,292,220/132/33KV SS Gachibowli,160,220/132KV,117.2,88.9,04:00,2026-04-11,22:00,8712462672,2026-04-12 11:14:11.007,,24
186,773,292,220/132/33KV SS Gachibowli,160,220/132KV,116.2,87.9,04:00,2026-04-11,22:00,8712462672,2026-04-12 11:14:11.010,,24
187,774,292,220/132/33KV SS Gachibowli,80,132/33KV,48.5,41.1,05:00,2026-04-11,01:00,8712462672,2026-04-12 11:14:11.013,,24
209,768,292,220/132/33KV SS Gachibowli,50,132/33KV,39.39,25.25,04:00,2026-04-15,16:00,8712462672,2026-04-16 08:47:53.443,,28
210,769,292,220/132/33KV SS Gachibowli,160,220/132KV,115.15,78.78,05:00,2026-04-15,17:00,8712462672,2026-04-16 08:47:53.447,,28
211,770,292,220/132/33KV SS Gachibowli,160,220/132KV,127.27,87.88,05:00,2026-04-15,17:00,8712462672,2026-04-16 08:47:53.450,,28
212,771,292,220/132/33KV SS Gachibowli,80,132/33KV,69.70,40.40,05:00,2026-04-15,16:00,8712462672,2026-04-16 08:47:53.450,,28
213,772,292,220/132/33KV SS Gachibowli,160,220/132KV,126.26,87.88,05:00,2026-04-15,17:00,8712462672,2026-04-16 08:47:53.453,,28
214,773,292,220/132/33KV SS Gachibowli,160,220/132KV,124.24,87.88,05:00,2026-04-15,17:00,8712462672,2026-04-16 08:47:53.457,,28
215,774,292,220/132/33KV SS Gachibowli,80,132/33KV,70.70,43.43,05:00,2026-04-15,16:00,8712462672,2026-04-16 08:47:53.460,,28
230,1094,292,220/132/33KV SS Gachibowli,80,132/33KV,40,27,05:00,2026-04-08,22:00,NULL,NULL,NULL,NULL
231,1094,292,220/132/33KV SS Gachibowli,80,132/33KV,42,28,04:00,2026-04-09,22:00,NULL,NULL,NULL,NULL
232,1094,292,220/132/33KV SS Gachibowli,80,132/33KV,43,28,04:00,2026-04-10,23:00,NULL,NULL,NULL,NULL
233,1094,292,220/132/33KV SS Gachibowli,80,132/33KV,42,32,04:00,2026-04-11,23:00,NULL,NULL,NULL,NULL
234,1094,292,220/132/33KV SS Gachibowli,80,132/33KV,39,29,09:00,2026-04-12,24:00,NULL,NULL,NULL,NULL
235,1094,292,220/132/33KV SS Gachibowli,80,132/33KV,58,37,05:00,2026-04-13,23:00,NULL,NULL,NULL,NULL
236,1094,292,220/132/33KV SS Gachibowli,80,132/33KV,56,33,05:00,2026-04-14,22:00,NULL,NULL,NULL,NULL
237,1094,292,220/132/33KV SS Gachibowli,80,132/33KV,58,36,04:00,2026-04-15,23:00,NULL,NULL,NULL,NULL
238,1094,292,220/132/33KV SS Gachibowli,80,132/33KV,60,39,09:00,2026-04-16,22:00,NULL,NULL,NULL,NULL
239,1094,292,220/132/33KV SS Gachibowli,80,132/33KV,41,35,17:00,2026-04-17,12:00,NULL,NULL,NULL,NULL
288,768,292,220/132/33KV SS Gachibowli,50,132/33KV,43,23,04:00,2026-04-24,12:00,8712462672,2026-04-25 16:36:49.790,,37
289,769,292,220/132/33KV SS Gachibowli,160,220/132KV,107,84,04:00,2026-04-24,15:00,8712462672,2026-04-25 16:36:49.793,,37
290,770,292,220/132/33KV SS Gachibowli,160,220/132KV,119,90,04:00,2026-04-24,15:00,8712462672,2026-04-25 16:36:49.797,,37
291,771,292,220/132/33KV SS Gachibowli,80,132/33KV,62,42,04:00,2026-04-24,15:00,8712462672,2026-04-25 16:36:49.797,,37
292,772,292,220/132/33KV SS Gachibowli,160,220/132KV,119,92,04:00,2026-04-24,15:00,8712462672,2026-04-25 16:36:49.800,,37
293,773,292,220/132/33KV SS Gachibowli,160,220/132KV,118,88,04:00,2026-04-24,15:00,8712462672,2026-04-25 16:36:49.803,,37
294,774,292,220/132/33KV SS Gachibowli,80,132/33KV,61,40,04:00,2026-04-24,15:00,8712462672,2026-04-25 16:36:49.807,,37
295,1094,292,220/132/33KV SS Gachibowli,80,132/33KV,39,28,04:00,2026-04-24,22:00,8712462672,2026-04-25 16:36:49.810,,37
296,768,292,220/132/33KV SS Gachibowli,50,132/33KV,28,20,05:00,2026-04-25,15:00,8712462672,2026-04-26 00:08:48.813,,38
297,769,292,220/132/33KV SS Gachibowli,160,220/132KV,100,84,05:00,2026-04-25,15:00,8712462672,2026-04-26 00:08:48.820,,38
298,770,292,220/132/33KV SS Gachibowli,160,220/132KV,111,88,05:00,2026-04-25,15:00,8712462672,2026-04-26 00:08:48.823,,38
299,771,292,220/132/33KV SS Gachibowli,80,132/33KV,49,38,00:00,2026-04-25,15:00,8712462672,2026-04-26 00:08:48.827,,38
300,772,292,220/132/33KV SS Gachibowli,160,220/132KV,111,90,05:00,2026-04-25,15:00,8712462672,2026-04-26 00:08:48.830,,38
301,773,292,220/132/33KV SS Gachibowli,160,220/132KV,110,80,05:00,2026-04-25,15:00,8712462672,2026-04-26 00:08:48.833,,38
302,774,292,220/132/33KV SS Gachibowli,80,132/33KV,48,34,05:00,2026-04-25,15:00,8712462672,2026-04-26 00:08:48.833,,38
303,1094,292,220/132/33KV SS Gachibowli,80,132/33KV,41,26,05:00,2026-04-25,23:00,8712462672,2026-04-26 00:08:48.840,,38
312,768,292,220/132/33KV SS Gachibowli,50,132/33KV,38,25,04:00,2026-04-27,14:00,8712462672,2026-04-28 00:28:10.513,,40
313,769,292,220/132/33KV SS Gachibowli,160,220/132KV,115,81,05:00,2026-04-27,14:00,8712462672,2026-04-28 00:28:10.517,,40
314,770,292,220/132/33KV SS Gachibowli,160,220/132KV,128,89,05:00,2026-04-27,14:00,8712462672,2026-04-28 00:28:10.520,,40
157,20,10,132/11KV SS Kanakapu,10/16,132/11KV,110.7,20,07:25,2026-03-30,12:02,8712463403,2026-04-10 13:07:42.523,ok,20
158,21,10,132/11KV SS Kanakapu,10/16,132/11KV,100,40,07:25,2026-03-30,12:02,8712463403,2026-04-10 13:07:42.527,ok second,20
315,771,292,220/132/33KV SS Gachibowli,80,132/33KV,71,43,04:00,2026-04-27,14:00,8712462672,2026-04-28 00:28:10.523,,40
316,772,292,220/132/33KV SS Gachibowli,160,220/132KV,128,89,05:00,2026-04-27,14:00,8712462672,2026-04-28 00:28:10.527,,40
317,773,292,220/132/33KV SS Gachibowli,160,220/132KV,127,89,05:00,2026-04-27,14:00,8712462672,2026-04-28 00:28:10.530,,40
318,774,292,220/132/33KV SS Gachibowli,80,132/33KV,70,42,04:00,2026-04-27,14:00,8712462672,2026-04-28 00:28:10.533,,40
319,1094,292,220/132/33KV SS Gachibowli,80,132/33KV,46,28,08:00,2026-04-27,23:00,8712462672,2026-04-28 00:28:10.537,,40
322,770,292,220/132/33KV SS Gachibowli,160,220/132KV,127,87,05:00,2026-04-28,14:00,8712462672,2026-04-28 22:37:33.863,,41
159,768,292,220/132/33KV SS Gachibowli,50,132/33KV,32.32,20.20,04:00,2026-04-09,16:00,8712462672,2026-04-11 10:31:01.847,,21
160,769,292,220/132/33KV SS Gachibowli,160,220/132KV,111,76.77,05:00,2026-04-09,19:00,8712462672,2026-04-11 10:31:01.850,,21
161,770,292,220/132/33KV SS Gachibowli,160,220/132KV,122.22,84.84,05:00,2026-04-09,19:00,8712462672,2026-04-11 10:31:01.853,,21
162,771,292,220/132/33KV SS Gachibowli,80,132/33KV,55.55,32.32,04:00,2026-04-09,16:00,8712462672,2026-04-11 10:31:01.857,,21
163,772,292,220/132/33KV SS Gachibowli,160,220/132KV,122.22,83.84,05:00,2026-04-09,19:00,8712462672,2026-04-11 10:31:01.857,,21
164,773,292,220/132/33KV SS Gachibowli,160,220/132KV,122.22,83.84,05:00,2026-04-09,19:00,8712462672,2026-04-11 10:31:01.857,,21
165,774,292,220/132/33KV SS Gachibowli,80,132/33KV,58.58,34.34,04:00,2026-04-09,17:00,8712462672,2026-04-11 10:31:01.857,,21
280,768,292,220/132/33KV SS Gachibowli,50,132/33KV,36,22,05:00,2026-04-23,13:00,8712462672,2026-04-24 15:07:33.430,,36
223,768,292,220/132/33KV SS Gachibowli,50,132/33KV,41,38,05:00,2026-04-17,12:00,8712462672,2026-04-17 22:39:09.510,,30
224,769,292,220/132/33KV SS Gachibowli,160,220/132KV,115,84,05:00,2026-04-17,15:00,8712462672,2026-04-17 22:39:09.513,,30
225,770,292,220/132/33KV SS Gachibowli,160,220/132KV,128,93,05:00,2026-04-17,15:00,8712462672,2026-04-17 22:39:09.513,,30
226,771,292,220/132/33KV SS Gachibowli,80,132/33KV,71,46,05:00,2026-04-17,11:00,8712462672,2026-04-17 22:39:09.517,,30
227,772,292,220/132/33KV SS Gachibowli,160,220/132KV,128,94,05:00,2026-04-17,15:00,8712462672,2026-04-17 22:39:09.520,,30
228,773,292,220/132/33KV SS Gachibowli,160,220/132KV,127,93,05:00,2026-04-17,15:00,8712462672,2026-04-17 22:39:09.523,,30
229,774,292,220/132/33KV SS Gachibowli,80,132/33KV,66,43,05:00,2026-04-17,11:00,8712462672,2026-04-17 22:39:09.527,,30
281,769,292,220/132/33KV SS Gachibowli,160,220/132KV,112,90,04:00,2026-04-23,13:00,8712462672,2026-04-24 15:07:33.433,,36
282,770,292,220/132/33KV SS Gachibowli,160,220/132KV,124,100,04:00,2026-04-23,13:00,8712462672,2026-04-24 15:07:33.433,,36
283,771,292,220/132/33KV SS Gachibowli,80,132/33KV,74,46,05:00,2026-04-23,12:00,8712462672,2026-04-24 15:07:33.437,,36
284,772,292,220/132/33KV SS Gachibowli,160,220/132KV,124,100,05:00,2026-04-23,13:00,8712462672,2026-04-24 15:07:33.440,,36
285,773,292,220/132/33KV SS Gachibowli,160,220/132KV,123,102,04:00,2026-04-23,13:00,8712462672,2026-04-24 15:07:33.443,,36
286,774,292,220/132/33KV SS Gachibowli,80,132/33KV,74,46,05:00,2026-04-23,12:00,8712462672,2026-04-24 15:07:33.447,,36
287,1094,292,220/132/33KV SS Gachibowli,80,132/33KV,41,30,06:00,2026-04-23,22:00,8712462672,2026-04-24 15:07:33.450,,36
323,771,292,220/132/33KV SS Gachibowli,80,132/33KV,69,45,04:00,2026-04-28,12:00,8712462672,2026-04-28 22:37:33.867,,41
324,772,292,220/132/33KV SS Gachibowli,160,220/132KV,127,87,05:00,2026-04-28,14:00,8712462672,2026-04-28 22:37:33.870,,41
325,773,292,220/132/33KV SS Gachibowli,160,220/132KV,126,86,05:00,2026-04-28,14:00,8712462672,2026-04-28 22:37:33.877,,41
326,774,292,220/132/33KV SS Gachibowli,80,132/33KV,44,31,08:00,2026-04-28,23:00,8712462672,2026-04-28 22:37:33.880,,41
327,1094,292,220/132/33KV SS Gachibowli,80,132/33KV,68,40,04:00,2026-04-28,12:00,8712462672,2026-04-28 22:37:33.883,,41
328,768,292,220/132/33KV SS Gachibowli,50,132/33KV,38,22,04:00,2026-04-29,15:00,8712462672,2026-04-29 22:36:51.597,,42
329,769,292,220/132/33KV SS Gachibowli,160,220/132KV,113,77,04:00,2026-04-29,15:00,8712462672,2026-04-29 22:36:51.600,,42
330,770,292,220/132/33KV SS Gachibowli,160,220/132KV,125,87,04:00,2026-04-29,15:00,8712462672,2026-04-29 22:36:51.603,,42
331,771,292,220/132/33KV SS Gachibowli,80,132/33KV,68,40,04:00,2026-04-29,15:00,8712462672,2026-04-29 22:36:51.607,,42
332,772,292,220/132/33KV SS Gachibowli,160,220/132KV,125,87,04:00,2026-04-29,15:00,8712462672,2026-04-29 22:36:51.610,,42
333,773,292,220/132/33KV SS Gachibowli,160,220/132KV,124,86,04:00,2026-04-29,15:00,8712462672,2026-04-29 22:36:51.610,,42
334,774,292,220/132/33KV SS Gachibowli,80,132/33KV,68,40,04:00,2026-04-29,15:00,8712462672,2026-04-29 22:36:51.617,,42
335,1094,292,220/132/33KV SS Gachibowli,80,132/33KV,45,27,05:00,2026-04-29,22:00,8712462672,2026-04-29 22:36:51.620,,42
336,768,292,220/132/33KV SS Gachibowli,50,132/33KV,44,27,03:00,2026-04-30,06:00,8712462672,2026-05-01 00:38:04.333,,43
337,769,292,220/132/33KV SS Gachibowli,160,220/132KV,112,85,06:00,2026-04-30,16:00,8712462672,2026-05-01 00:38:04.337,,43
338,770,292,220/132/33KV SS Gachibowli,160,220/132KV,122,93,06:00,2026-04-30,16:00,8712462672,2026-05-01 00:38:04.340,,43
339,771,292,220/132/33KV SS Gachibowli,80,132/33KV,58,39,05:00,2026-04-30,15:00,8712462672,2026-05-01 00:38:04.343,,43
340,772,292,220/132/33KV SS Gachibowli,160,220/132KV,122,93,06:00,2026-04-30,16:00,8712462672,2026-05-01 00:38:04.347,,43
341,773,292,220/132/33KV SS Gachibowli,160,220/132KV,121,92,06:00,2026-04-30,16:00,8712462672,2026-05-01 00:38:04.347,,43
342,774,292,220/132/33KV SS Gachibowli,80,132/33KV,57,38,05:00,2026-04-30,15:00,8712462672,2026-05-01 00:38:04.353,,43
343,1094,292,220/132/33KV SS Gachibowli,80,132/33KV,50,32,07:00,2026-04-30,01:00,8712462672,2026-05-01 00:38:04.360,,43
344,768,292,220/132/33KV SS Gachibowli,50,132/33KV,31,18,05:00,2026-05-01,20:00,8712462672,2026-05-01 22:34:38.520,,44
345,769,292,220/132/33KV SS Gachibowli,160,220/132KV,101,70,07:00,2026-05-01,19:00,8712462672,2026-05-01 22:34:38.527,,44
346,770,292,220/132/33KV SS Gachibowli,160,220/132KV,112,79,07:00,2026-05-01,19:00,8712462672,2026-05-01 22:34:38.530,,44
347,771,292,220/132/33KV SS Gachibowli,80,132/33KV,30,18,05:00,2026-05-01,20:00,8712462672,2026-05-01 22:34:38.533,,44
348,772,292,220/132/33KV SS Gachibowli,160,220/132KV,112,79,07:00,2026-05-01,19:00,8712462672,2026-05-01 22:34:38.537,,44
349,773,292,220/132/33KV SS Gachibowli,160,220/132KV,111,78,07:00,2026-05-01,19:00,8712462672,2026-05-01 22:34:38.540,,44
350,774,292,220/132/33KV SS Gachibowli,80,132/33KV,42,29,05:00,2026-05-01,19:00,8712462672,2026-05-01 22:34:38.540,,44
167,768,292,220/132/33KV SS Gachibowli,50,132/33KV,32.83,20.20,02:00,2026-04-10,16:00,8712462672,2026-04-11 10:22:41.177,,22
168,769,292,220/132/33KV SS Gachibowli,160,220/132KV,111,75.75,03:00,2026-04-10,17:00,8712462672,2026-04-11 10:22:41.180,,22
169,770,292,220/132/33KV SS Gachibowli,160,220/132KV,123.23,84.84,04:00,2026-04-10,17:00,8712462672,2026-04-11 10:22:41.180,,22
170,771,292,220/132/33KV SS Gachibowli,80,132/33KV,55.55,34.34,04:00,2026-04-10,16:00,8712462672,2026-04-11 10:22:41.183,,22
171,772,292,220/132/33KV SS Gachibowli,160,220/132KV,122.22,84.84,04:00,2026-04-10,17:00,8712462672,2026-04-11 10:22:41.187,,22
172,773,292,220/132/33KV SS Gachibowli,160,220/132KV,122.22,83.84,04:00,2026-04-10,17:00,8712462672,2026-04-11 10:22:41.190,,22
173,774,292,220/132/33KV SS Gachibowli,80,132/33KV,43.43,28.28,04:00,2026-04-10,23:00,8712462672,2026-04-11 10:22:41.193,,22
174,768,292,220/132/33KV SS Gachibowli,50,132/33KV,31.31,19.19,04:00,2026-04-08,13:00,8712462672,2026-04-11 10:39:13.460,,23
175,769,292,220/132/33KV SS Gachibowli,160,220/132KV,119.19,81.82,04:00,2026-04-08,17:00,8712462672,2026-04-11 10:39:13.463,,23
176,770,292,220/132/33KV SS Gachibowli,160,220/132KV,123.23,81.81,04:00,2026-04-08,18:00,8712462672,2026-04-11 10:39:13.467,,23
177,771,292,220/132/33KV SS Gachibowli,80,132/33KV,57.57,37.37,04:00,2026-04-08,15:00,8712462672,2026-04-11 10:39:13.470,,23
178,772,292,220/132/33KV SS Gachibowli,160,220/132KV,125.25,91.92,04:00,2026-04-08,18:00,8712462672,2026-04-11 10:39:13.473,,23
179,773,292,220/132/33KV SS Gachibowli,160,220/132KV,124.24,90.91,04:00,2026-04-08,18:00,8712462672,2026-04-11 10:39:13.473,,23
180,774,292,220/132/33KV SS Gachibowli,80,132/33KV,59.60,37.36,04:00,2026-04-08,17:00,8712462672,2026-04-11 10:39:13.480,,23
188,768,292,220/132/33KV SS Gachibowli,50,132/33KV,26.26,26.26,03:00,2026-04-12,19:30,8712462672,2026-04-13 07:39:49.733,,25
189,769,292,220/132/33KV SS Gachibowli,160,220/132KV,102.02,77.77,05:00,2026-04-12,23:00,8712462672,2026-04-13 07:39:49.737,,25
190,770,292,220/132/33KV SS Gachibowli,160,220/132KV,108.08,86.86,05:00,2026-04-12,22:00,8712462672,2026-04-13 07:39:49.740,,25
191,771,292,220/132/33KV SS Gachibowli,80,132/33KV,44.44,35.35,05:00,2026-04-12,18:30,8712462672,2026-04-13 07:39:49.743,,25
192,772,292,220/132/33KV SS Gachibowli,160,220/132KV,113,86,05:00,2026-04-12,23:01,8712462672,2026-04-13 07:39:49.747,,25
193,773,292,220/132/33KV SS Gachibowli,160,220/132KV,113,84,05:00,2026-04-12,22:00,8712462672,2026-04-13 07:39:49.750,,25
194,774,292,220/132/33KV SS Gachibowli,80,132/33KV,55.55,29,10:00,2026-04-12,08:00,8712462672,2026-04-13 07:39:49.750,,25
195,768,292,220/132/33KV SS Gachibowli,50,132/33KV,36.36,20.2,04:00,2026-04-13,16:00,8712462672,2026-04-14 12:45:17.133,,26
196,769,292,220/132/33KV SS Gachibowli,160,220/132KV,128.28,78.8,04:00,2026-04-13,19:00,8712462672,2026-04-14 12:45:17.137,,26
197,770,292,220/132/33KV SS Gachibowli,160,220/132KV,129.28,87.88,04:00,2026-04-13,19:00,8712462672,2026-04-14 12:45:17.140,,26
198,771,292,220/132/33KV SS Gachibowli,80,132/33KV,62.6,35.5,04:00,2026-04-13,16:00,8712462672,2026-04-14 12:45:17.140,,26
199,772,292,220/132/33KV SS Gachibowli,160,220/132KV,129.29,85.9,06:00,2026-04-13,20:00,8712462672,2026-04-14 12:45:17.143,,26
200,773,292,220/132/33KV SS Gachibowli,160,220/132KV,128.28,87.88,04:00,2026-04-13,20:00,8712462672,2026-04-14 12:45:17.150,,26
201,774,292,220/132/33KV SS Gachibowli,80,132/33KV,62.6,35.3,04:00,2026-04-13,16:00,8712462672,2026-04-14 12:45:17.153,,26
202,768,292,220/132/33KV SS Gachibowli,50,132/33KV,35,23,04:00,2026-04-14,16:00,8712462672,2026-04-15 10:37:23.893,,27
203,769,292,220/132/33KV SS Gachibowli,160,220/132KV,114.14,80.8,05:00,2026-04-14,15:00,8712462672,2026-04-15 10:37:23.897,,27
204,770,292,220/132/33KV SS Gachibowli,160,220/132KV,126.26,90.1,05:00,2026-04-14,15:00,8712462672,2026-04-15 10:37:23.903,,27
205,771,292,220/132/33KV SS Gachibowli,80,132/33KV,68.68,37.4,05:00,2026-04-14,15:00,8712462672,2026-04-15 10:37:23.903,,27
206,772,292,220/132/33KV SS Gachibowli,160,220/132KV,126.6,89.8,05:00,2026-04-14,15:00,8712462672,2026-04-15 10:37:23.907,,27
207,773,292,220/132/33KV SS Gachibowli,160,220/132KV,126.3,89.9,05:00,2026-04-14,03:00,8712462672,2026-04-15 10:37:23.910,,27
208,774,292,220/132/33KV SS Gachibowli,80,132/33KV,68.7,37.4,05:00,2026-04-14,15:00,8712462672,2026-04-15 10:37:23.913,,27
216,768,292,220/132/33KV SS Gachibowli,50,132/33KV,51.51,32.32,09:00,2026-04-16,01:00,8712462672,2026-04-17 07:04:05.640,,29
217,769,292,220/132/33KV SS Gachibowli,160,220/132KV,118.18,81.81,04:00,2026-04-16,22:00,8712462672,2026-04-17 07:04:05.643,,29
218,770,292,220/132/33KV SS Gachibowli,160,220/132KV,131.31,90.9,04:00,2026-04-16,22:00,8712462672,2026-04-17 07:04:05.647,,29
219,771,292,220/132/33KV SS Gachibowli,80,132/33KV,65.65,39.39,04:00,2026-04-16,19:30,8712462672,2026-04-17 07:04:05.650,,29
220,772,292,220/132/33KV SS Gachibowli,160,220/132KV,131.31,90.9,04:00,2026-04-16,22:00,8712462672,2026-04-17 07:04:05.653,,29
221,773,292,220/132/33KV SS Gachibowli,160,220/132KV,130.30,89.89,05:00,2026-04-16,22:00,8712462672,2026-04-17 07:04:05.657,,29
222,774,292,220/132/33KV SS Gachibowli,80,132/33KV,61.61,39.39,10:00,2026-04-16,22:00,8712462672,2026-04-17 07:04:05.660,,29
351,1094,292,220/132/33KV SS Gachibowli,80,132/33KV,41,26,07:00,2026-05-01,21:00,8712462672,2026-05-01 22:34:38.543,,44
352,768,292,220/132/33KV SS Gachibowli,50,132/33KV,31,19,05:00,2026-05-02,23:00,8712462672,2026-05-03 00:24:09.487,,45
353,769,292,220/132/33KV SS Gachibowli,160,220/132KV,102,69,06:00,2026-05-02,23:00,8712462672,2026-05-03 00:24:09.490,,45
354,770,292,220/132/33KV SS Gachibowli,160,220/132KV,112,79,06:00,2026-05-02,23:00,8712462672,2026-05-03 00:24:09.490,,45
355,771,292,220/132/33KV SS Gachibowli,80,132/33KV,48,28,05:00,2026-05-02,16:00,8712462672,2026-05-03 00:24:09.493,,45
356,772,292,220/132/33KV SS Gachibowli,160,220/132KV,112,79,06:00,2026-05-02,23:00,8712462672,2026-05-03 00:24:09.497,,45
357,773,292,220/132/33KV SS Gachibowli,160,220/132KV,112,78,06:00,2026-05-02,23:00,8712462672,2026-05-03 00:24:09.500,,45
358,774,292,220/132/33KV SS Gachibowli,80,132/33KV,47,27,05:00,2026-05-02,23:00,8712462672,2026-05-03 00:24:09.503,,45
359,1094,292,220/132/33KV SS Gachibowli,80,132/33KV,48,28,06:00,2026-05-02,23:00,8712462672,2026-05-03 00:24:09.513,,45
360,768,292,220/132/33KV SS Gachibowli,50,132/33KV,29,20,06:00,2026-05-03,23:00,8712462672,2026-05-04 00:15:34.847,,46
361,769,292,220/132/33KV SS Gachibowli,160,220/132KV,93,72,08:00,2026-05-03,23:00,8712462672,2026-05-04 00:15:34.850,,46
362,770,292,220/132/33KV SS Gachibowli,160,220/132KV,103,80,08:00,2026-05-03,23:00,8712462672,2026-05-04 00:15:34.853,,46
363,771,292,220/132/33KV SS Gachibowli,80,132/33KV,40,32,06:00,2026-05-03,23:00,8712462672,2026-05-04 00:15:34.857,,46
364,772,292,220/132/33KV SS Gachibowli,160,220/132KV,103,80,08:00,2026-05-03,23:00,8712462672,2026-05-04 00:15:34.860,,46
365,773,292,220/132/33KV SS Gachibowli,160,220/132KV,103,80,08:00,2026-05-03,23:00,8712462672,2026-05-04 00:15:34.860,,46
366,774,292,220/132/33KV SS Gachibowli,80,132/33KV,38,31,06:00,2026-05-03,23:00,8712462672,2026-05-04 00:15:34.863,,46
367,1094,292,220/132/33KV SS Gachibowli,80,132/33KV,44,20,19:00,2026-05-03,01:00,8712462672,2026-05-04 00:15:34.867,,46
368,768,292,220/132/33KV SS Gachibowli,50,132/33KV,36,25,04:00,2026-05-04,14:00,8712462672,2026-05-04 23:13:04.303,,47
369,769,292,220/132/33KV SS Gachibowli,160,220/132KV,108,75,04:00,2026-05-04,22:00,8712462672,2026-05-04 23:13:04.307,,47
370,770,292,220/132/33KV SS Gachibowli,160,220/132KV,120,84,04:00,2026-05-04,22:00,8712462672,2026-05-04 23:13:04.310,,47
371,771,292,220/132/33KV SS Gachibowli,80,132/33KV,62,32,04:00,2026-05-04,13:00,8712462672,2026-05-04 23:13:04.313,,47
372,772,292,220/132/33KV SS Gachibowli,160,220/132KV,120,84,04:00,2026-05-04,22:00,8712462672,2026-05-04 23:13:04.313,,47
373,773,292,220/132/33KV SS Gachibowli,160,220/132KV,119,83,04:00,2026-05-04,22:00,8712462672,2026-05-04 23:13:04.320,,47
374,774,292,220/132/33KV SS Gachibowli,80,132/33KV,31,18,07:00,2026-05-04,21:00,8712462672,2026-05-04 23:13:04.323,,47
375,1094,292,220/132/33KV SS Gachibowli,80,132/33KV,62,32,04:00,2026-05-04,14:00,8712462672,2026-05-04 23:13:04.327,,47
376,768,292,220/132/33KV SS Gachibowli,50,132/33KV,34,18,05:00,2026-05-05,15:00,8712462672,2026-05-05 22:24:15.053,,48
377,769,292,220/132/33KV SS Gachibowli,160,220/132KV,110,84,06:00,2026-05-05,15:00,8712462672,2026-05-05 22:24:15.057,,48
378,770,292,220/132/33KV SS Gachibowli,160,220/132KV,122,95,06:00,2026-05-05,15:00,8712462672,2026-05-05 22:24:15.060,,48
379,771,292,220/132/33KV SS Gachibowli,80,132/33KV,61,34,05:00,2026-05-05,13:00,8712462672,2026-05-05 22:24:15.063,,48
380,772,292,220/132/33KV SS Gachibowli,160,220/132KV,122,95,06:00,2026-05-05,15:00,8712462672,2026-05-05 22:24:15.067,,48
381,773,292,220/132/33KV SS Gachibowli,160,220/132KV,121,95,06:00,2026-05-05,15:00,8712462672,2026-05-05 22:24:15.073,,48
382,774,292,220/132/33KV SS Gachibowli,80,132/33KV,62,34,05:00,2026-05-05,13:00,8712462672,2026-05-05 22:24:15.077,,48
383,1094,292,220/132/33KV SS Gachibowli,80,132/33KV,32,18,06:00,2026-05-05,16:00,8712462672,2026-05-05 22:24:15.080,,48
384,768,292,220/132/33KV SS Gachibowli,50,132/33KV,40,27,04:00,2026-05-06,11:00,8712462672,2026-05-06 20:33:13.623,,49
385,769,292,220/132/33KV SS Gachibowli,160,220/132KV,108,75,06:00,2026-05-06,15:00,8712462672,2026-05-06 20:33:13.630,,49
386,770,292,220/132/33KV SS Gachibowli,160,220/132KV,120,84,06:00,2026-05-06,15:00,8712462672,2026-05-06 20:33:13.630,,49
387,771,292,220/132/33KV SS Gachibowli,80,132/33KV,66,38,04:00,2026-05-06,15:00,8712462672,2026-05-06 20:33:13.633,,49
388,772,292,220/132/33KV SS Gachibowli,160,220/132KV,120,84,06:00,2026-05-06,15:00,8712462672,2026-05-06 20:33:13.637,,49
389,773,292,220/132/33KV SS Gachibowli,160,220/132KV,119,84,06:00,2026-05-06,15:00,8712462672,2026-05-06 20:33:13.640,,49
390,774,292,220/132/33KV SS Gachibowli,80,132/33KV,65,38,04:00,2026-05-06,15:00,8712462672,2026-05-06 20:33:13.643,,49
391,1094,292,220/132/33KV SS Gachibowli,80,132/33KV,45,19,05:00,2026-05-06,19:00,8712462672,2026-05-06 20:33:13.650,,49
392,768,292,220/132/33KV SS Gachibowli,50,132/33KV,36,20,04:00,2026-05-07,14:00,8712462672,2026-05-08 11:17:42.367,,50
393,769,292,220/132/33KV SS Gachibowli,160,220/132KV,107,80,04:00,2026-05-07,15:00,8712462672,2026-05-08 11:17:42.370,,50
394,770,292,220/132/33KV SS Gachibowli,160,220/132KV,118,87,04:00,2026-05-07,15:00,8712462672,2026-05-08 11:17:42.373,,50
395,771,292,220/132/33KV SS Gachibowli,80,132/33KV,62,37,04:00,2026-05-07,10:00,8712462672,2026-05-08 11:17:42.380,,50
396,772,292,220/132/33KV SS Gachibowli,160,220/132KV,118,90,04:00,2026-05-07,15:00,8712462672,2026-05-08 11:17:42.383,,50
397,773,292,220/132/33KV SS Gachibowli,160,220/132KV,118,90,04:00,2026-05-07,15:00,8712462672,2026-05-08 11:17:42.390,,50
398,774,292,220/132/33KV SS Gachibowli,80,132/33KV,61,37,04:00,2026-05-07,10:00,8712462672,2026-05-08 11:17:42.393,,50
399,1094,292,220/132/33KV SS Gachibowli,80,132/33KV,51,28,04:00,2026-05-07,19:00,8712462672,2026-05-08 11:17:42.397,,50
400,768,292,220/132/33KV SS Gachibowli,50,132/33KV,35,20,03:00,2026-05-08,11:00,8712462672,2026-05-09 15:06:13.140,,51
401,769,292,220/132/33KV SS Gachibowli,160,220/132KV,103,84,03:00,2026-05-08,15:00,8712462672,2026-05-09 15:06:13.140,,51
402,770,292,220/132/33KV SS Gachibowli,160,220/132KV,114,90,03:00,2026-05-08,15:00,8712462672,2026-05-09 15:06:13.147,,51
403,771,292,220/132/33KV SS Gachibowli,80,132/33KV,59,42,03:00,2026-05-08,18:00,8712462672,2026-05-09 15:06:13.150,,51
404,772,292,220/132/33KV SS Gachibowli,160,220/132KV,114,92,03:00,2026-05-08,15:00,8712462672,2026-05-09 15:06:13.150,,51
405,773,292,220/132/33KV SS Gachibowli,160,220/132KV,113,92,03:00,2026-05-08,15:00,8712462672,2026-05-09 15:06:13.153,,51
406,774,292,220/132/33KV SS Gachibowli,80,132/33KV,58,40,03:00,2026-05-08,18:00,8712462672,2026-05-09 15:06:13.157,,51
407,1094,292,220/132/33KV SS Gachibowli,80,132/33KV,54,44,03:00,2026-05-08,17:00,8712462672,2026-05-09 15:06:13.160,,51
408,768,292,220/132/33KV SS Gachibowli,50,132/33KV,25,20,04:00,2026-05-09,18:00,8712462672,2026-05-10 12:29:14.400,,52
409,769,292,220/132/33KV SS Gachibowli,160,220/132KV,94,70,04:00,2026-05-09,19:00,8712462672,2026-05-10 12:29:14.407,,52
410,770,292,220/132/33KV SS Gachibowli,160,220/132KV,104,88,04:00,2026-05-09,19:00,8712462672,2026-05-10 12:29:14.410,,52
411,771,292,220/132/33KV SS Gachibowli,80,132/33KV,45,32,04:00,2026-05-09,18:00,8712462672,2026-05-10 12:29:14.413,,52
412,772,292,220/132/33KV SS Gachibowli,160,220/132KV,104,86,04:00,2026-05-09,19:00,8712462672,2026-05-10 12:29:14.417,,52
413,773,292,220/132/33KV SS Gachibowli,160,220/132KV,103,88,04:00,2026-05-09,19:00,8712462672,2026-05-10 12:29:14.420,,52
414,774,292,220/132/33KV SS Gachibowli,80,132/33KV,44,34,04:00,2026-05-09,18:00,8712462672,2026-05-10 12:29:14.423,,52
415,1094,292,220/132/33KV SS Gachibowli,80,132/33KV,53,36,04:00,2026-05-09,23:00,8712462672,2026-05-10 12:29:14.423,,52
416,768,292,220/132/33KV SS Gachibowli,50,132/33KV,32,21,05:00,2026-05-11,19:00,8712462672,2026-05-11 21:48:04.463,,53
417,769,292,220/132/33KV SS Gachibowli,160,220/132KV,112,82,04:00,2026-05-11,19:00,8712462672,2026-05-11 21:48:04.470,,53
418,770,292,220/132/33KV SS Gachibowli,160,220/132KV,121,90,04:00,2026-05-11,19:00,8712462672,2026-05-11 21:48:04.470,,53
419,771,292,220/132/33KV SS Gachibowli,80,132/33KV,63,38,04:00,2026-05-11,17:00,8712462672,2026-05-11 21:48:04.473,,53
420,772,292,220/132/33KV SS Gachibowli,160,220/132KV,121,94,04:00,2026-05-11,19:00,8712462672,2026-05-11 21:48:04.477,,53
421,773,292,220/132/33KV SS Gachibowli,160,220/132KV,120,90,04:00,2026-05-11,19:00,8712462672,2026-05-11 21:48:04.480,,53
422,774,292,220/132/33KV SS Gachibowli,80,132/33KV,61,32,04:00,2026-05-11,17:00,8712462672,2026-05-11 21:48:04.483,,53
423,1094,292,220/132/33KV SS Gachibowli,80,132/33KV,59,36,06:00,2026-05-11,19:00,8712462672,2026-05-11 21:48:04.487,,53
424,768,292,220/132/33KV SS Gachibowli,50,132/33KV,43,21,04:00,2026-05-12,19:00,8712462672,2026-05-13 00:19:26.087,,54
425,769,292,220/132/33KV SS Gachibowli,160,220/132KV,111,81,06:00,2026-05-12,15:00,8712462672,2026-05-13 00:19:26.093,,54
426,770,292,220/132/33KV SS Gachibowli,160,220/132KV,123,91,06:00,2026-05-12,15:00,8712462672,2026-05-13 00:19:26.100,,54
427,771,292,220/132/33KV SS Gachibowli,80,132/33KV,60,39,04:00,2026-05-12,15:00,8712462672,2026-05-13 00:19:26.100,,54
428,772,292,220/132/33KV SS Gachibowli,160,220/132KV,123,91,06:00,2026-05-12,15:00,8712462672,2026-05-13 00:19:26.110,,54
429,773,292,220/132/33KV SS Gachibowli,160,220/132KV,122,90,06:00,2026-05-12,15:00,8712462672,2026-05-13 00:19:26.113,,54
430,774,292,220/132/33KV SS Gachibowli,80,132/33KV,59,39,04:00,2026-05-12,15:00,8712462672,2026-05-13 00:19:26.117,,54
431,1094,292,220/132/33KV SS Gachibowli,80,132/33KV,62,45,05:00,2026-05-12,23:00,8712462672,2026-05-13 00:19:26.120,,54
432,768,292,220/132/33KV SS Gachibowli,50,132/33KV,35,10,02:00,2026-05-13,01:00,8712462672,2026-05-14 00:13:42.560,,55
433,769,292,220/132/33KV SS Gachibowli,160,220/132KV,107,61,07:00,2026-05-13,16:00,8712462672,2026-05-14 00:13:42.563,,55
434,770,292,220/132/33KV SS Gachibowli,160,220/132KV,119,68,07:00,2026-05-13,16:00,8712462672,2026-05-14 00:13:42.570,,55
435,771,292,220/132/33KV SS Gachibowli,80,132/33KV,65,14,02:00,2026-05-13,07:00,8712462672,2026-05-14 00:13:42.570,,55
436,772,292,220/132/33KV SS Gachibowli,160,220/132KV,118,68,07:00,2026-05-13,16:00,8712462672,2026-05-14 00:13:42.573,,55
437,773,292,220/132/33KV SS Gachibowli,160,220/132KV,118,68,07:00,2026-05-13,16:00,8712462672,2026-05-14 00:13:42.577,,55
438,774,292,220/132/33KV SS Gachibowli,80,132/33KV,47,13,02:00,2026-05-13,22:00,8712462672,2026-05-14 00:13:42.583,,55
439,1094,292,220/132/33KV SS Gachibowli,80,132/33KV,53,29,02:00,2026-05-13,01:00,8712462672,2026-05-14 00:13:42.587,,55
440,768,292,220/132/33KV SS Gachibowli,50,132/33KV,38,23,05:00,2026-05-14,19:00,8712462672,2026-05-15 00:42:35.503,,56
441,769,292,220/132/33KV SS Gachibowli,160,220/132KV,114,80,06:00,2026-05-14,22:00,8712462672,2026-05-15 00:42:35.507,,56
442,770,292,220/132/33KV SS Gachibowli,160,220/132KV,125,91,06:00,2026-05-14,22:00,8712462672,2026-05-15 00:42:35.510,,56
443,771,292,220/132/33KV SS Gachibowli,80,132/33KV,55,38,05:00,2026-05-14,15:00,8712462672,2026-05-15 00:42:35.513,,56
444,772,292,220/132/33KV SS Gachibowli,160,220/132KV,126,92,06:00,2026-05-14,22:00,8712462672,2026-05-15 00:42:35.517,,56
445,773,292,220/132/33KV SS Gachibowli,160,220/132KV,125,90,06:00,2026-05-14,22:00,8712462672,2026-05-15 00:42:35.520,,56
446,774,292,220/132/33KV SS Gachibowli,80,132/33KV,53,27,19:00,2026-05-14,15:00,8712462672,2026-05-15 00:42:35.523,,56
447,1094,292,220/132/33KV SS Gachibowli,80,132/33KV,60,38,05:00,2026-05-14,19:00,8712462672,2026-05-15 00:42:35.527,,56
448,768,292,220/132/33KV SS Gachibowli,50,132/33KV,35,27,04:00,2026-05-15,15:00,8712462672,2026-05-16 10:12:40.350,,57
449,769,292,220/132/33KV SS Gachibowli,160,220/132KV,114,85,04:00,2026-05-15,15:00,8712462672,2026-05-16 10:12:40.353,,57
450,770,292,220/132/33KV SS Gachibowli,160,220/132KV,126,95,04:00,2026-05-15,15:00,8712462672,2026-05-16 10:12:40.360,,57
451,771,292,220/132/33KV SS Gachibowli,80,132/33KV,61,40,03:00,2026-05-15,15:00,8712462672,2026-05-16 10:12:40.360,,57
452,772,292,220/132/33KV SS Gachibowli,160,220/132KV,126,95,04:00,2026-05-15,15:00,8712462672,2026-05-16 10:12:40.363,,57
453,773,292,220/132/33KV SS Gachibowli,160,220/132KV,125,95,04:00,2026-05-15,15:00,8712462672,2026-05-16 10:12:40.370,,57
454,774,292,220/132/33KV SS Gachibowli,80,132/33KV,58,33,03:00,2026-05-15,19:00,8712462672,2026-05-16 10:12:40.370,,57
455,1094,292,220/132/33KV SS Gachibowli,80,132/33KV,56,43,03:00,2026-05-15,22:00,8712462672,2026-05-16 10:12:40.377,,57
456,768,292,220/132/33KV SS Gachibowli,50,132/33KV,34,12,08:00,2026-05-16,01:00,8712462672,2026-05-17 20:09:10.693,,58
457,769,292,220/132/33KV SS Gachibowli,160,220/132KV,105,80,06:00,2026-05-16,15:00,8712462672,2026-05-17 20:09:10.700,,58
458,770,292,220/132/33KV SS Gachibowli,160,220/132KV,116,91,06:00,2026-05-16,15:00,8712462672,2026-05-17 20:09:10.700,,58
459,771,292,220/132/33KV SS Gachibowli,80,132/33KV,41,30,04:00,2026-05-16,15:00,8712462672,2026-05-17 20:09:10.707,,58
460,772,292,220/132/33KV SS Gachibowli,160,220/132KV,115,91,06:00,2026-05-16,15:00,8712462672,2026-05-17 20:09:10.710,,58
461,773,292,220/132/33KV SS Gachibowli,160,220/132KV,115,92,06:00,2026-05-16,15:00,8712462672,2026-05-17 20:09:10.713,,58
462,774,292,220/132/33KV SS Gachibowli,80,132/33KV,50,22,04:00,2026-05-16,01:00,8712462672,2026-05-17 20:09:10.717,,58
463,1094,292,220/132/33KV SS Gachibowli,80,132/33KV,53,40,04:00,2026-05-16,01:00,8712462672,2026-05-17 20:09:10.720,,58
464,768,292,220/132/33KV SS Gachibowli,50,132/33KV,33,22,06:00,2026-05-17,23:00,8712462672,2026-05-18 23:02:12.787,,59
465,769,292,220/132/33KV SS Gachibowli,160,220/132KV,105,80,06:00,2026-05-17,23:00,8712462672,2026-05-18 23:02:12.790,,59
466,770,292,220/132/33KV SS Gachibowli,160,220/132KV,117,94,06:00,2026-05-17,23:00,8712462672,2026-05-18 23:02:12.790,,59
467,771,292,220/132/33KV SS Gachibowli,80,132/33KV,37,28,06:00,2026-05-17,12:00,8712462672,2026-05-18 23:02:12.793,,59
468,772,292,220/132/33KV SS Gachibowli,160,220/132KV,117,106,06:00,2026-05-17,23:00,8712462672,2026-05-18 23:02:12.797,,59
469,773,292,220/132/33KV SS Gachibowli,160,220/132KV,116,82,06:00,2026-05-17,23:00,8712462672,2026-05-18 23:02:12.800,,59
470,774,292,220/132/33KV SS Gachibowli,80,132/33KV,43,30,06:00,2026-05-17,20:00,8712462672,2026-05-18 23:02:12.807,,59
471,1094,292,220/132/33KV SS Gachibowli,80,132/33KV,52,32,06:00,2026-05-17,23:00,8712462672,2026-05-18 23:02:12.810,,59
472,768,292,220/132/33KV SS Gachibowli,50,132/33KV,38,24,05:00,2026-05-18,22:00,8712462672,2026-05-19 07:19:01.430,,60
473,769,292,220/132/33KV SS Gachibowli,160,220/132KV,121,90,05:00,2026-05-18,16:00,8712462672,2026-05-19 07:19:01.433,,60
474,770,292,220/132/33KV SS Gachibowli,160,220/132KV,134,106,06:00,2026-05-18,16:00,8712462672,2026-05-19 07:19:01.437,,60
475,771,292,220/132/33KV SS Gachibowli,80,132/33KV,71,32,04:00,2026-05-18,12:00,8712462672,2026-05-19 07:19:01.440,,60
476,772,292,220/132/33KV SS Gachibowli,160,220/132KV,134,102,06:00,2026-05-18,16:00,8712462672,2026-05-19 07:19:01.443,,60
477,773,292,220/132/33KV SS Gachibowli,160,220/132KV,132,106,06:00,2026-05-18,16:00,8712462672,2026-05-19 07:19:01.447,,60
478,774,292,220/132/33KV SS Gachibowli,80,132/33KV,58,34,04:00,2026-05-18,13:00,8712462672,2026-05-19 07:19:01.450,,60
479,1094,292,220/132/33KV SS Gachibowli,80,132/33KV,59,40,04:00,2026-05-18,22:00,8712462672,2026-05-19 07:19:01.453,,60
480,768,292,220/132/33KV SS Gachibowli,50,132/33KV,39,28,04:00,2026-05-19,14:00,8712462672,2026-05-19 19:58:23.823,,61
481,769,292,220/132/33KV SS Gachibowli,160,220/132KV,123,89,06:00,2026-05-19,15:00,8712462672,2026-05-19 19:58:23.827,,61
482,770,292,220/132/33KV SS Gachibowli,160,220/132KV,136,99,06:00,2026-05-19,15:00,8712462672,2026-05-19 19:58:23.830,,61
483,771,292,220/132/33KV SS Gachibowli,80,132/33KV,69,38,05:00,2026-05-19,13:00,8712462672,2026-05-19 19:58:23.833,,61
484,772,292,220/132/33KV SS Gachibowli,160,220/132KV,136,99,06:00,2026-05-19,15:00,8712462672,2026-05-19 19:58:23.837,,61
485,773,292,220/132/33KV SS Gachibowli,160,220/132KV,135,98,06:00,2026-05-19,15:00,8712462672,2026-05-19 19:58:23.840,,61
486,774,292,220/132/33KV SS Gachibowli,80,132/33KV,59,34,05:00,2026-05-19,15:00,8712462672,2026-05-19 19:58:23.840,,61
487,1094,292,220/132/33KV SS Gachibowli,80,132/33KV,61,42,05:00,2026-05-19,15:00,8712462672,2026-05-19 19:58:23.843,,61
488,768,292,220/132/33KV SS Gachibowli,50,132/33KV,44,25,05:00,2026-05-20,21:00,8712462672,2026-05-20 21:36:14.457,,62
489,769,292,220/132/33KV SS Gachibowli,160,220/132KV,117,84,06:00,2026-05-20,16:00,8712462672,2026-05-20 21:36:14.460,,62
490,770,292,220/132/33KV SS Gachibowli,160,220/132KV,131,96,06:00,2026-05-20,16:00,8712462672,2026-05-20 21:36:14.467,,62
491,771,292,220/132/33KV SS Gachibowli,80,132/33KV,63,37,04:00,2026-05-20,13:00,8712462672,2026-05-20 21:36:14.470,,62
492,772,292,220/132/33KV SS Gachibowli,160,220/132KV,131,96,06:00,2026-05-20,16:00,8712462672,2026-05-20 21:36:14.473,,62
493,773,292,220/132/33KV SS Gachibowli,160,220/132KV,130,95,06:00,2026-05-20,16:00,8712462672,2026-05-20 21:36:14.477,,62
494,774,292,220/132/33KV SS Gachibowli,80,132/33KV,61,34,04:00,2026-05-20,13:00,8712462672,2026-05-20 21:36:14.480,,62
495,1094,292,220/132/33KV SS Gachibowli,80,132/33KV,68,42,05:00,2026-05-20,21:00,8712462672,2026-05-20 21:36:14.480,,62
496,768,292,220/132/33KV SS Gachibowli,50,132/33KV,44,28,05:00,2026-05-21,21:00,8712462672,2026-05-21 23:56:40.687,,63
497,769,292,220/132/33KV SS Gachibowli,160,220/132KV,119,90,06:00,2026-05-21,15:00,8712462672,2026-05-21 23:56:40.690,,63
498,770,292,220/132/33KV SS Gachibowli,160,220/132KV,132,100,06:00,2026-05-21,15:00,8712462672,2026-05-21 23:56:40.693,,63
499,771,292,220/132/33KV SS Gachibowli,80,132/33KV,56,36,04:00,2026-05-21,12:00,8712462672,2026-05-21 23:56:40.697,,63
500,772,292,220/132/33KV SS Gachibowli,160,220/132KV,119,90,06:00,2026-05-21,15:00,8712462672,2026-05-21 23:56:40.700,,63
501,773,292,220/132/33KV SS Gachibowli,160,220/132KV,132,100,06:00,2026-05-21,15:00,8712462672,2026-05-21 23:56:40.703,,63
502,774,292,220/132/33KV SS Gachibowli,80,132/33KV,55,34,04:00,2026-05-21,12:00,8712462672,2026-05-21 23:56:40.707,,63
503,1094,292,220/132/33KV SS Gachibowli,80,132/33KV,70,47,06:00,2026-05-21,23:00,8712462672,2026-05-21 23:56:40.710,,63
504,768,292,220/132/33KV SS Gachibowli,50,132/33KV,45,30,07:00,2026-05-22,16:00,8712462672,2026-05-23 00:20:16.477,,64
505,769,292,220/132/33KV SS Gachibowli,160,220/132KV,120,83,05:00,2026-05-22,15:00,8712462672,2026-05-23 00:20:16.480,,64
506,770,292,220/132/33KV SS Gachibowli,160,220/132KV,133,93,05:00,2026-05-22,15:00,8712462672,2026-05-23 00:20:16.483,,64
507,771,292,220/132/33KV SS Gachibowli,80,132/33KV,51,27,04:00,2026-05-22,16:00,8712462672,2026-05-23 00:20:16.490,,64
508,772,292,220/132/33KV SS Gachibowli,160,220/132KV,133,93,05:00,2026-05-22,15:00,8712462672,2026-05-23 00:20:16.493,,64
509,773,292,220/132/33KV SS Gachibowli,160,220/132KV,132,93,05:00,2026-05-22,15:00,8712462672,2026-05-23 00:20:16.497,,64
510,774,292,220/132/33KV SS Gachibowli,80,132/33KV,49,26,04:00,2026-05-22,16:00,8712462672,2026-05-23 00:20:16.500,,64
511,1094,292,220/132/33KV SS Gachibowli,80,132/33KV,70,48,07:00,2026-05-22,16:00,8712462672,2026-05-23 00:20:16.503,,64
512,768,292,220/132/33KV SS Gachibowli,50,132/33KV,42,29,09:00,2026-05-23,16:00,8712462672,2026-05-24 00:02:36.090,,65
513,769,292,220/132/33KV SS Gachibowli,160,220/132KV,106,81,08:00,2026-05-23,15:00,8712462672,2026-05-24 00:02:36.090,,65
514,770,292,220/132/33KV SS Gachibowli,160,220/132KV,118,89,08:00,2026-05-23,15:00,8712462672,2026-05-24 00:02:36.097,,65
515,771,292,220/132/33KV SS Gachibowli,80,132/33KV,41,28,06:00,2026-05-23,16:00,8712462672,2026-05-24 00:02:36.100,,65
516,772,292,220/132/33KV SS Gachibowli,160,220/132KV,118,89,08:00,2026-05-23,15:00,8712462672,2026-05-24 00:02:36.100,,65
517,773,292,220/132/33KV SS Gachibowli,160,220/132KV,117,89,08:00,2026-05-23,15:00,8712462672,2026-05-24 00:02:36.103,,65
518,774,292,220/132/33KV SS Gachibowli,80,132/33KV,39,27,06:00,2026-05-23,16:00,8712462672,2026-05-24 00:02:36.107,,65
519,1094,292,220/132/33KV SS Gachibowli,80,132/33KV,65,45,09:00,2026-05-23,16:00,8712462672,2026-05-24 00:02:36.110,,65
528,768,292,220/132/33KV SS Gachibowli,50,132/33KV,33,26,05:00,2026-05-25,16:00,8712462672,2026-05-25 22:31:59.007,,67
529,769,292,220/132/33KV SS Gachibowli,160,220/132KV,122,81,05:00,2026-05-25,16:00,8712462672,2026-05-25 22:31:59.010,,67
530,770,292,220/132/33KV SS Gachibowli,160,220/132KV,136,91,05:00,2026-05-25,16:00,8712462672,2026-05-25 22:31:59.013,,67
531,771,292,220/132/33KV SS Gachibowli,80,132/33KV,70,33,04:00,2026-05-25,14:00,8712462672,2026-05-25 22:31:59.017,,67
532,772,292,220/132/33KV SS Gachibowli,160,220/132KV,136,91,04:00,2026-05-25,16:00,8712462672,2026-05-25 22:31:59.020,,67
533,773,292,220/132/33KV SS Gachibowli,160,220/132KV,135,90,04:00,2026-05-25,16:00,8712462672,2026-05-25 22:31:59.020,,67
534,774,292,220/132/33KV SS Gachibowli,80,132/33KV,68,32,04:00,2026-05-25,14:00,8712462672,2026-05-25 22:31:59.023,,67
535,1094,292,220/132/33KV SS Gachibowli,80,132/33KV,52,44,05:00,2026-05-25,16:00,8712462672,2026-05-25 22:31:59.027,,67
536,768,292,220/132/33KV SS Gachibowli,50,132/33KV,33,19,05:00,2026-05-26,15:00,8712462672,2026-05-27 00:06:37.280,,68
537,769,292,220/132/33KV SS Gachibowli,160,220/132KV,118,83,05:00,2026-05-26,15:00,8712462672,2026-05-27 00:06:37.407,,68
538,770,292,220/132/33KV SS Gachibowli,160,220/132KV,131,93,05:00,2026-05-26,15:00,8712462672,2026-05-27 00:06:37.410,,68
539,771,292,220/132/33KV SS Gachibowli,80,132/33KV,70,40,05:00,2026-05-26,15:00,8712462672,2026-05-27 00:06:37.413,,68
540,772,292,220/132/33KV SS Gachibowli,160,220/132KV,131,93,05:00,2026-05-26,15:00,8712462672,2026-05-27 00:06:37.417,,68
541,773,292,220/132/33KV SS Gachibowli,160,220/132KV,130,93,05:00,2026-05-26,15:00,8712462672,2026-05-27 00:06:37.420,,68
542,774,292,220/132/33KV SS Gachibowli,80,132/33KV,68,38,05:00,2026-05-26,15:00,8712462672,2026-05-27 00:06:37.423,,68
543,1094,292,220/132/33KV SS Gachibowli,80,132/33KV,51,33,05:00,2026-05-26,15:00,8712462672,2026-05-27 00:06:37.427,,68
544,768,292,220/132/33KV SS Gachibowli,50,132/33KV,27,17,19:00,2026-05-27,07:00,8712462672,2026-05-28 00:20:06.770,,69
545,769,292,220/132/33KV SS Gachibowli,160,220/132KV,100,74,04:00,2026-05-27,20:00,8712462672,2026-05-28 00:20:06.773,,69
546,770,292,220/132/33KV SS Gachibowli,160,220/132KV,111,82,04:00,2026-05-27,20:00,8712462672,2026-05-28 00:20:06.777,,69
547,771,292,220/132/33KV SS Gachibowli,80,132/33KV,56,36,04:00,2026-05-27,19:00,8712462672,2026-05-28 00:20:06.780,,69
548,772,292,220/132/33KV SS Gachibowli,160,220/132KV,111,82,04:00,2026-05-27,20:00,8712462672,2026-05-28 00:20:06.783,,69
549,773,292,220/132/33KV SS Gachibowli,160,220/132KV,111,81,04:00,2026-05-27,20:00,8712462672,2026-05-28 00:20:06.787,,69
550,774,292,220/132/33KV SS Gachibowli,80,132/33KV,54,34,04:00,2026-05-27,19:00,8712462672,2026-05-28 00:20:06.790,,69
551,1094,292,220/132/33KV SS Gachibowli,80,132/33KV,42,21,19:00,2026-05-27,07:00,8712462672,2026-05-28 00:20:06.790,,69
552,768,292,220/132/33KV SS Gachibowli,50,132/33KV,26,19,04:00,2026-05-28,22:00,8712462672,2026-05-29 00:25:32.320,,70
553,769,292,220/132/33KV SS Gachibowli,160,220/132KV,106,73,04:00,2026-05-28,16:00,8712462672,2026-05-29 00:25:32.323,,70
554,770,292,220/132/33KV SS Gachibowli,160,220/132KV,117,80,04:00,2026-05-28,16:00,8712462672,2026-05-29 00:25:32.327,,70
555,771,292,220/132/33KV SS Gachibowli,80,132/33KV,58,35,04:00,2026-05-28,16:00,8712462672,2026-05-29 00:25:32.330,,70
556,772,292,220/132/33KV SS Gachibowli,160,220/132KV,117,80,04:00,2026-05-28,16:00,8712462672,2026-05-29 00:25:32.333,,70
557,773,292,220/132/33KV SS Gachibowli,160,220/132KV,116,80,04:00,2026-05-28,16:00,8712462672,2026-05-29 00:25:32.337,,70
558,774,292,220/132/33KV SS Gachibowli,80,132/33KV,56,34,04:00,2026-05-28,16:00,8712462672,2026-05-29 00:25:32.340,,70
559,1094,292,220/132/33KV SS Gachibowli,80,132/33KV,40,29,04:00,2026-05-28,22:00,8712462672,2026-05-29 00:25:32.343,,70
576,768,292,220/132/33KV SS Gachibowli,50,132/33KV,30,20,06:00,2026-05-31,22:00,8712462672,2026-06-01 09:26:42.373,,73
577,769,292,220/132/33KV SS Gachibowli,160,220/132KV,97,82,05:00,2026-05-31,22:00,8712462672,2026-06-01 09:26:42.377,,73
578,770,292,220/132/33KV SS Gachibowli,160,220/132KV,107,80,05:00,2026-05-31,22:00,8712462672,2026-06-01 09:26:42.390,,73
579,771,292,220/132/33KV SS Gachibowli,80,132/33KV,46,30,06:00,2026-05-31,16:00,8712462672,2026-06-01 09:26:42.390,,73
580,772,292,220/132/33KV SS Gachibowli,160,220/132KV,108,82,05:00,2026-05-31,22:00,8712462672,2026-06-01 09:26:42.393,,73
581,773,292,220/132/33KV SS Gachibowli,160,220/132KV,105,80,05:00,2026-05-31,22:00,8712462672,2026-06-01 09:26:42.400,,73
520,768,292,220/132/33KV SS Gachibowli,50,132/33KV,33,30.7,06:00,2026-05-24,14:00,8712462672,2026-05-24 21:45:20.287,,66
521,769,292,220/132/33KV SS Gachibowli,160,220/132KV,96,71,08:00,2026-05-24,15:00,8712462672,2026-05-24 21:45:20.297,,66
522,770,292,220/132/33KV SS Gachibowli,160,220/132KV,107,79,08:00,2026-05-24,15:00,8712462672,2026-05-24 21:45:20.300,,66
523,771,292,220/132/33KV SS Gachibowli,80,132/33KV,39,28,06:00,2026-05-24,15:00,8712462672,2026-05-24 21:45:20.303,,66
524,772,292,220/132/33KV SS Gachibowli,160,220/132KV,107,79,08:00,2026-05-24,15:00,8712462672,2026-05-24 21:45:20.307,,66
525,773,292,220/132/33KV SS Gachibowli,160,220/132KV,106,78,08:00,2026-05-24,15:00,8712462672,2026-05-24 21:45:20.310,,66
526,774,292,220/132/33KV SS Gachibowli,80,132/33KV,39,28,06:00,2026-05-24,15:00,8712462672,2026-05-24 21:45:20.310,,66
527,1094,292,220/132/33KV SS Gachibowli,80,132/33KV,54,48,06:00,2026-05-24,15:00,8712462672,2026-05-24 21:45:20.313,,66
560,768,292,220/132/33KV SS Gachibowli,50,132/33KV,32,21,04:00,2026-05-29,22:00,8712462672,2026-05-30 00:11:37.143,,71
561,769,292,220/132/33KV SS Gachibowli,160,220/132KV,112,81,05:00,2026-05-29,17:00,8712462672,2026-05-30 00:11:37.147,,71
562,770,292,220/132/33KV SS Gachibowli,160,220/132KV,124,90,05:00,2026-05-29,17:00,8712462672,2026-05-30 00:11:37.150,,71
563,771,292,220/132/33KV SS Gachibowli,80,132/33KV,62,37,04:00,2026-05-29,17:00,8712462672,2026-05-30 00:11:37.153,,71
564,772,292,220/132/33KV SS Gachibowli,160,220/132KV,124,90,05:00,2026-05-29,17:00,8712462672,2026-05-30 00:11:37.160,,71
565,773,292,220/132/33KV SS Gachibowli,160,220/132KV,122,89,05:00,2026-05-29,17:00,8712462672,2026-05-30 00:11:37.160,,71
566,774,292,220/132/33KV SS Gachibowli,80,132/33KV,61,36,04:00,2026-05-29,17:00,8712462672,2026-05-30 00:11:37.163,,71
567,1094,292,220/132/33KV SS Gachibowli,80,132/33KV,50,32,04:00,2026-05-29,22:00,8712462672,2026-05-30 00:11:37.167,,71
568,768,292,220/132/33KV SS Gachibowli,50,132/33KV,29,24,05:46,2026-05-30,19:00,8712462672,2026-05-31 19:51:47.693,,72
569,769,292,220/132/33KV SS Gachibowli,160,220/132KV,97,81,04:00,2026-05-30,14:00,8712462672,2026-05-31 19:51:47.697,,72
570,770,292,220/132/33KV SS Gachibowli,160,220/132KV,108,90,04:00,2026-05-30,14:00,8712462672,2026-05-31 19:51:47.700,,72
571,771,292,220/132/33KV SS Gachibowli,80,132/33KV,44,36,05:00,2026-05-30,15:00,8712462672,2026-05-31 19:51:47.700,,72
572,772,292,220/132/33KV SS Gachibowli,160,220/132KV,108,88,04:00,2026-05-30,14:00,8712462672,2026-05-31 19:51:47.707,,72
573,773,292,220/132/33KV SS Gachibowli,160,220/132KV,107,88,04:00,2026-05-30,14:00,8712462672,2026-05-31 19:51:47.710,,72
574,774,292,220/132/33KV SS Gachibowli,80,132/33KV,43,34,04:00,2026-05-30,15:00,8712462672,2026-05-31 19:51:47.713,,72
575,1094,292,220/132/33KV SS Gachibowli,80,132/33KV,46,36,05:00,2026-05-30,20:00,8712462672,2026-05-31 19:51:47.717,,72
582,774,292,220/132/33KV SS Gachibowli,80,132/33KV,45,32,06:00,2026-05-31,16:00,8712462672,2026-06-01 09:26:42.400,,73
583,1094,292,220/132/33KV SS Gachibowli,80,132/33KV,47,32,06:00,2026-05-31,22:00,8712462672,2026-06-01 09:26:42.403,,73
584,768,292,220/132/33KV SS Gachibowli,50,132/33KV,30,25,04:00,2026-06-01,11:00,8712462672,2026-06-02 10:45:28.077,,74
585,769,292,220/132/33KV SS Gachibowli,160,220/132KV,110,78,04:00,2026-06-01,14:00,8712462672,2026-06-02 10:45:28.083,,74
586,770,292,220/132/33KV SS Gachibowli,160,220/132KV,122,86,04:00,2026-06-01,14:00,8712462672,2026-06-02 10:45:28.087,,74
587,771,292,220/132/33KV SS Gachibowli,80,132/33KV,64,36,04:00,2026-06-01,13:00,8712462672,2026-06-02 10:45:28.090,,74
588,772,292,220/132/33KV SS Gachibowli,160,220/132KV,122,90,04:00,2026-06-01,14:00,8712462672,2026-06-02 10:45:28.093,,74
589,773,292,220/132/33KV SS Gachibowli,160,220/132KV,120,84,04:00,2026-06-01,14:00,8712462672,2026-06-02 10:45:28.097,,74
590,774,292,220/132/33KV SS Gachibowli,80,132/33KV,62,38,04:00,2026-06-01,13:00,8712462672,2026-06-02 10:45:28.110,,74
591,1094,292,220/132/33KV SS Gachibowli,80,132/33KV,48,38,04:00,2026-06-01,11:00,8712462672,2026-06-02 10:45:28.113,,74
592,768,292,220/132/33KV SS Gachibowli,50,132/33KV,33,18,04:00,2026-06-03,15:00,8712462672,2026-06-03 22:59:56.417,,75
593,769,292,220/132/33KV SS Gachibowli,160,220/132KV,114,76,04:00,2026-06-03,15:00,8712462672,2026-06-03 22:59:56.430,,75
594,770,292,220/132/33KV SS Gachibowli,160,220/132KV,126,87,04:00,2026-06-03,15:00,8712462672,2026-06-03 22:59:56.433,,75
595,771,292,220/132/33KV SS Gachibowli,80,132/33KV,62,25,03:00,2026-06-03,14:00,8712462672,2026-06-03 22:59:56.437,,75
596,772,292,220/132/33KV SS Gachibowli,160,220/132KV,126,89,04:00,2026-06-03,15:00,8712462672,2026-06-03 22:59:56.440,,75
597,773,292,220/132/33KV SS Gachibowli,160,220/132KV,124,85,04:00,2026-06-03,15:00,8712462672,2026-06-03 22:59:56.447,,75
598,774,292,220/132/33KV SS Gachibowli,80,132/33KV,60,24,03:00,2026-06-03,14:00,8712462672,2026-06-03 22:59:56.450,,75
599,1094,292,220/132/33KV SS Gachibowli,80,132/33KV,52,28,04:00,2026-06-03,15:00,8712462672,2026-06-03 22:59:56.460,,75
600,768,292,220/132/33KV SS Gachibowli,50,132/33KV,31,21,05:00,2026-06-05,12:00,8712462672,2026-06-06 09:14:12.087,,76
601,769,292,220/132/33KV SS Gachibowli,160,220/132KV,110,85,05:00,2026-06-05,16:00,8712462672,2026-06-06 09:14:12.090,,76
602,770,292,220/132/33KV SS Gachibowli,160,220/132KV,121,97,05:00,2026-06-05,16:00,8712462672,2026-06-06 09:14:12.093,,76
603,771,292,220/132/33KV SS Gachibowli,80,132/33KV,62,36,04:00,2026-06-05,11:00,8712462672,2026-06-06 09:14:12.100,,76
604,772,292,220/132/33KV SS Gachibowli,160,220/132KV,121,97,05:00,2026-06-05,16:00,8712462672,2026-06-06 09:14:12.103,,76
605,773,292,220/132/33KV SS Gachibowli,160,220/132KV,119,95,05:00,2026-06-05,16:00,8712462672,2026-06-06 09:14:12.107,,76
606,774,292,220/132/33KV SS Gachibowli,80,132/33KV,60,35,04:00,2026-06-05,14:00,8712462672,2026-06-06 09:14:12.110,,76
607,1094,292,220/132/33KV SS Gachibowli,80,132/33KV,50,35,05:00,2026-06-05,17:00,8712462672,2026-06-06 09:14:12.117,,76
608,768,292,220/132/33KV SS Gachibowli,50,132/33KV,36,18,05:00,2026-06-06,20:00,8712462672,2026-06-07 00:12:09.493,,77
609,769,292,220/132/33KV SS Gachibowli,160,220/132KV,97,73,07:00,2026-06-06,15:00,8712462672,2026-06-07 00:12:09.497,,77
610,770,292,220/132/33KV SS Gachibowli,160,220/132KV,108,84,07:00,2026-06-06,15:00,8712462672,2026-06-07 00:12:09.500,,77
611,771,292,220/132/33KV SS Gachibowli,80,132/33KV,43,25,17:00,2026-06-06,01:00,8712462672,2026-06-07 00:12:09.507,,77
612,772,292,220/132/33KV SS Gachibowli,160,220/132KV,108,84,07:00,2026-06-06,15:00,8712462672,2026-06-07 00:12:09.510,,77
613,773,292,220/132/33KV SS Gachibowli,160,220/132KV,106,82,07:00,2026-06-06,15:00,8712462672,2026-06-07 00:12:09.513,,77
614,774,292,220/132/33KV SS Gachibowli,80,132/33KV,63,24,17:00,2026-06-06,11:00,8712462672,2026-06-07 00:12:09.517,,77
615,1094,292,220/132/33KV SS Gachibowli,80,132/33KV,57,32,05:00,2026-06-06,20:00,8712462672,2026-06-07 00:12:09.520,,77
616,768,292,220/132/33KV SS Gachibowli,50,132/33KV,33,25,05:00,2026-06-07,23:00,8712462672,2026-06-08 00:26:17.253,,78
617,769,292,220/132/33KV SS Gachibowli,160,220/132KV,94,71,07:00,2026-06-07,23:00,8712462672,2026-06-08 00:26:17.257,,78
618,770,292,220/132/33KV SS Gachibowli,160,220/132KV,104,79,07:00,2026-06-07,23:00,8712462672,2026-06-08 00:26:17.260,,78
619,771,292,220/132/33KV SS Gachibowli,80,132/33KV,37,29,05:00,2026-06-07,23:00,8712462672,2026-06-08 00:26:17.267,,78
620,772,292,220/132/33KV SS Gachibowli,160,220/132KV,104,79,07:00,2026-06-07,23:00,8712462672,2026-06-08 00:26:17.270,,78
621,773,292,220/132/33KV SS Gachibowli,160,220/132KV,103,78,07:00,2026-06-07,23:00,8712462672,2026-06-08 00:26:17.273,,78
622,774,292,220/132/33KV SS Gachibowli,80,132/33KV,35,28,05:00,2026-06-07,23:00,8712462672,2026-06-08 00:26:17.280,,78
623,1094,292,220/132/33KV SS Gachibowli,80,132/33KV,51,39,05:00,2026-06-07,23:00,8712462672,2026-06-08 00:26:17.283,,78
632,768,292,220/132/33KV SS Gachibowli,50,132/33KV,38,23,18:00,2026-06-09,00:00,8712462672,2026-06-10 00:21:31.113,,80
633,769,292,220/132/33KV SS Gachibowli,160,220/132KV,107,78,04:00,2026-06-09,16:00,8712462672,2026-06-10 00:21:31.117,,80
634,770,292,220/132/33KV SS Gachibowli,160,220/132KV,118,87,04:00,2026-06-09,16:00,8712462672,2026-06-10 00:21:31.123,,80
635,771,292,220/132/33KV SS Gachibowli,80,132/33KV,58,34,04:00,2026-06-09,16:00,8712462672,2026-06-10 00:21:31.127,,80
636,772,292,220/132/33KV SS Gachibowli,160,220/132KV,118,87,04:00,2026-06-09,16:00,8712462672,2026-06-10 00:21:31.130,,80
637,773,292,220/132/33KV SS Gachibowli,160,220/132KV,118,86,04:00,2026-06-09,16:00,8712462672,2026-06-10 00:21:31.133,,80
638,774,292,220/132/33KV SS Gachibowli,80,132/33KV,55,32,04:00,2026-06-09,16:00,8712462672,2026-06-10 00:21:31.140,,80
639,1094,292,220/132/33KV SS Gachibowli,80,132/33KV,60,38,18:00,2026-06-09,00:00,8712462672,2026-06-10 00:21:31.143,,80
640,768,292,220/132/33KV SS Gachibowli,50,132/33KV,39,28,04:00,2026-06-10,20:00,8712462672,2026-06-11 10:32:24.997,,81
641,769,292,220/132/33KV SS Gachibowli,160,220/132KV,106,70,04:00,2026-06-10,16:00,8712462672,2026-06-11 10:32:25.000,,81
642,770,292,220/132/33KV SS Gachibowli,160,220/132KV,118,72,04:00,2026-06-10,16:00,8712462672,2026-06-11 10:32:25.003,,81
643,771,292,220/132/33KV SS Gachibowli,80,132/33KV,50,32,05:00,2026-06-10,15:00,8712462672,2026-06-11 10:32:25.007,,81
644,772,292,220/132/33KV SS Gachibowli,160,220/132KV,118,77,04:00,2026-06-10,16:00,8712462672,2026-06-11 10:32:25.010,,81
645,773,292,220/132/33KV SS Gachibowli,160,220/132KV,118,77,04:00,2026-06-10,16:00,8712462672,2026-06-11 10:32:25.017,,81
646,774,292,220/132/33KV SS Gachibowli,80,132/33KV,48,29,05:00,2026-06-10,15:00,8712462672,2026-06-11 10:32:25.020,,81
647,1094,292,220/132/33KV SS Gachibowli,80,132/33KV,61,44,05:00,2026-06-10,20:00,8712462672,2026-06-11 10:32:25.023,,81
648,768,292,220/132/33KV SS Gachibowli,50,132/33KV,39,30,05:00,2026-06-11,17:00,8712462672,2026-06-12 10:40:03.517,,82
649,769,292,220/132/33KV SS Gachibowli,160,220/132KV,106,80,04:01,2026-06-11,19:00,8712462672,2026-06-12 10:40:03.520,,82
650,770,292,220/132/33KV SS Gachibowli,160,220/132KV,118,90,04:00,2026-06-11,19:00,8712462672,2026-06-12 10:40:03.533,,82
651,771,292,220/132/33KV SS Gachibowli,80,132/33KV,50,36,05:00,2026-06-11,15:00,8712462672,2026-06-12 10:40:03.540,,82
652,772,292,220/132/33KV SS Gachibowli,160,220/132KV,118,96,04:00,2026-06-11,19:00,8712462672,2026-06-12 10:40:03.543,,82
653,773,292,220/132/33KV SS Gachibowli,160,220/132KV,118,96,05:00,2026-06-11,19:00,8712462672,2026-06-12 10:40:03.547,,82
654,774,292,220/132/33KV SS Gachibowli,80,132/33KV,48,34,05:00,2026-06-11,15:00,8712462672,2026-06-12 10:40:03.557,,82
655,1094,292,220/132/33KV SS Gachibowli,80,132/33KV,61,50,05:00,2026-06-11,17:00,8712462672,2026-06-12 10:40:03.560,,82
656,768,292,220/132/33KV SS Gachibowli,50,132/33KV,41,30,05:00,2026-06-12,10:00,8712462672,2026-06-13 12:23:54.680,,83
657,769,292,220/132/33KV SS Gachibowli,160,220/132KV,110,90,05:00,2026-06-12,15:00,8712462672,2026-06-13 12:23:54.693,,83
658,770,292,220/132/33KV SS Gachibowli,160,220/132KV,122,94,05:00,2026-06-12,15:00,8712462672,2026-06-13 12:23:54.697,,83
659,771,292,220/132/33KV SS Gachibowli,80,132/33KV,54,36,05:00,2026-06-12,13:00,8712462672,2026-06-13 12:23:54.700,,83
660,772,292,220/132/33KV SS Gachibowli,160,220/132KV,122,94,05:00,2026-06-12,15:00,8712462672,2026-06-13 12:23:54.707,,83
661,773,292,220/132/33KV SS Gachibowli,160,220/132KV,120,94,04:00,2026-06-12,15:00,8712462672,2026-06-13 12:23:54.713,,83
662,774,292,220/132/33KV SS Gachibowli,80,132/33KV,51,32,05:00,2026-06-12,10:00,8712462672,2026-06-13 12:23:54.717,,83
663,1094,292,220/132/33KV SS Gachibowli,80,132/33KV,64,50,05:00,2026-06-12,10:00,8712462672,2026-06-13 12:23:54.723,,83
664,768,292,220/132/33KV SS Gachibowli,50,132/33KV,31,22,04:00,2026-06-13,19:00,8712462672,2026-06-15 15:44:44.953,,84
665,769,292,220/132/33KV SS Gachibowli,160,220/132KV,95,78,05:00,2026-06-13,12:00,8712462672,2026-06-15 15:44:44.963,,84
624,768,292,220/132/33KV SS Gachibowli,50,132/33KV,41,25,04:00,2026-06-08,15:00,8712462672,2026-06-09 00:09:41.680,,79
625,769,292,220/132/33KV SS Gachibowli,160,220/132KV,109,73,04:00,2026-06-08,16:00,8712462672,2026-06-09 00:09:41.687,,79
626,770,292,220/132/33KV SS Gachibowli,160,220/132KV,120,81,04:00,2026-06-08,16:00,8712462672,2026-06-09 00:09:41.690,,79
627,771,292,220/132/33KV SS Gachibowli,80,132/33KV,54,31,04:00,2026-06-08,15:00,8712462672,2026-06-09 00:09:41.693,,79
628,772,292,220/132/33KV SS Gachibowli,160,220/132KV,120,81,04:00,2026-06-08,16:00,8712462672,2026-06-09 00:09:41.700,,79
629,773,292,220/132/33KV SS Gachibowli,160,220/132KV,120,80,04:00,2026-06-08,16:00,8712462672,2026-06-09 00:09:41.700,,79
630,774,292,220/132/33KV SS Gachibowli,80,132/33KV,52,29,04:00,2026-06-08,15:00,8712462672,2026-06-09 00:09:41.707,,79
631,1094,292,220/132/33KV SS Gachibowli,80,132/33KV,63,39,04:00,2026-06-08,15:00,8712462672,2026-06-09 00:09:41.710,,79
666,770,292,220/132/33KV SS Gachibowli,160,220/132KV,104,85,05:00,2026-06-13,12:00,8712462672,2026-06-15 15:44:44.967,,84
667,771,292,220/132/33KV SS Gachibowli,80,132/33KV,44,32,05:00,2026-06-13,19:00,8712462672,2026-06-15 15:44:44.970,,84
668,772,292,220/132/33KV SS Gachibowli,160,220/132KV,105,85,05:00,2026-06-13,12:00,8712462672,2026-06-15 15:44:44.977,,84
669,773,292,220/132/33KV SS Gachibowli,160,220/132KV,104,84,05:00,2026-06-13,12:00,8712462672,2026-06-15 15:44:44.980,,84
670,774,292,220/132/33KV SS Gachibowli,80,132/33KV,48,36,05:00,2026-06-13,19:00,8712462672,2026-06-15 15:44:44.980,,84
671,1094,292,220/132/33KV SS Gachibowli,80,132/33KV,42,30,05:00,2026-06-13,19:00,8712462672,2026-06-15 15:44:44.987,,84
672,768,292,220/132/33KV SS Gachibowli,50,132/33KV,37,26,05:00,2026-06-14,18:00,8712462672,2026-06-15 15:49:17.650,,85
673,769,292,220/132/33KV SS Gachibowli,160,220/132KV,87,59,05:00,2026-06-14,19:00,8712462672,2026-06-15 15:49:17.653,,85
674,770,292,220/132/33KV SS Gachibowli,160,220/132KV,97,68,05:00,2026-06-14,19:00,8712462672,2026-06-15 15:49:17.660,,85
675,771,292,220/132/33KV SS Gachibowli,80,132/33KV,38,29,05:00,2026-06-14,18:00,8712462672,2026-06-15 15:49:17.677,,85
676,772,292,220/132/33KV SS Gachibowli,160,220/132KV,97,68,05:00,2026-06-14,19:00,8712462672,2026-06-15 15:49:17.680,,85
677,773,292,220/132/33KV SS Gachibowli,160,220/132KV,96,68,05:00,2026-06-14,19:00,8712462672,2026-06-15 15:49:17.683,,85
678,774,292,220/132/33KV SS Gachibowli,80,132/33KV,47,30,05:00,2026-06-14,20:00,8712462672,2026-06-15 15:49:17.687,,85
679,1094,292,220/132/33KV SS Gachibowli,80,132/33KV,37,26,05:00,2026-06-14,18:00,8712462672,2026-06-15 15:49:17.693,,85
680,768,292,220/132/33KV SS Gachibowli,50,132/33KV,37,20,04:00,2026-06-16,17:00,8712462672,2026-06-17 00:16:55.400,,86
681,769,292,220/132/33KV SS Gachibowli,160,220/132KV,105,70,04:00,2026-06-16,20:00,8712462672,2026-06-17 00:16:55.403,,86
682,770,292,220/132/33KV SS Gachibowli,160,220/132KV,116,80,04:00,2026-06-16,20:00,8712462672,2026-06-17 00:16:55.423,,86
683,771,292,220/132/33KV SS Gachibowli,80,132/33KV,63,31,04:00,2026-06-16,14:00,8712462672,2026-06-17 00:16:55.427,,86
684,772,292,220/132/33KV SS Gachibowli,160,220/132KV,117,79,04:00,2026-06-16,20:00,8712462672,2026-06-17 00:16:55.430,,86
685,773,292,220/132/33KV SS Gachibowli,160,220/132KV,116,79,04:00,2026-06-16,20:00,8712462672,2026-06-17 00:16:55.437,,86
686,774,292,220/132/33KV SS Gachibowli,80,132/33KV,60,30,04:00,2026-06-16,14:00,8712462672,2026-06-17 00:16:55.440,,86
687,1094,292,220/132/33KV SS Gachibowli,80,132/33KV,58,38,04:00,2026-06-16,17:00,8712462672,2026-06-17 00:16:55.447,,86
688,768,292,220/132/33KV SS Gachibowli,50,132/33KV,37,26,04:00,2026-06-17,18:00,8712462672,2026-06-18 00:09:11.993,,87
689,769,292,220/132/33KV SS Gachibowli,160,220/132KV,107,77,05:00,2026-06-17,19:00,8712462672,2026-06-18 00:09:12.000,,87
690,770,292,220/132/33KV SS Gachibowli,160,220/132KV,119,85,05:00,2026-06-17,19:00,8712462672,2026-06-18 00:09:12.003,,87
691,771,292,220/132/33KV SS Gachibowli,80,132/33KV,61,36,04:00,2026-06-17,15:00,8712462672,2026-06-18 00:09:12.010,,87
692,772,292,220/132/33KV SS Gachibowli,160,220/132KV,119,85,05:00,2026-06-17,19:00,8712462672,2026-06-18 00:09:12.020,,87
693,773,292,220/132/33KV SS Gachibowli,160,220/132KV,118,84,05:00,2026-06-17,19:00,8712462672,2026-06-18 00:09:12.030,,87
694,774,292,220/132/33KV SS Gachibowli,80,132/33KV,59,35,04:00,2026-06-17,15:00,8712462672,2026-06-18 00:09:12.033,,87
695,1094,292,220/132/33KV SS Gachibowli,80,132/33KV,57,41,04:00,2026-06-17,18:00,8712462672,2026-06-18 00:09:12.037,,87
696,768,292,220/132/33KV SS Gachibowli,50,132/33KV,36,27,04:00,2026-06-18,20:00,8712462672,2026-06-19 10:29:02.510,,88
697,769,292,220/132/33KV SS Gachibowli,160,220/132KV,110,78,05:00,2026-06-18,18:00,8712462672,2026-06-19 10:29:02.517,,88
698,770,292,220/132/33KV SS Gachibowli,160,220/132KV,122,87,05:00,2026-06-18,18:00,8712462672,2026-06-19 10:29:02.520,,88
699,771,292,220/132/33KV SS Gachibowli,80,132/33KV,64,36,04:00,2026-06-18,17:00,8712462672,2026-06-19 10:29:02.537,,88
700,772,292,220/132/33KV SS Gachibowli,160,220/132KV,122,87,05:00,2026-06-18,18:00,8712462672,2026-06-19 10:29:02.540,,88
701,773,292,220/132/33KV SS Gachibowli,160,220/132KV,122,86,04:00,2026-06-18,18:00,8712462672,2026-06-19 10:29:02.550,,88
702,774,292,220/132/33KV SS Gachibowli,80,132/33KV,61,36,05:00,2026-06-18,17:00,8712462672,2026-06-19 10:29:02.553,,88
703,1094,292,220/132/33KV SS Gachibowli,80,132/33KV,57,42,05:00,2026-06-18,20:00,8712462672,2026-06-19 10:29:02.567,,88
704,768,292,220/132/33KV SS Gachibowli,50,132/33KV,34,22,05:00,2026-06-19,18:00,8712462672,2026-06-20 11:20:20.547,,89
705,769,292,220/132/33KV SS Gachibowli,160,220/132KV,107,88,05:00,2026-06-19,17:00,8712462672,2026-06-20 11:20:20.560,,89
706,770,292,220/132/33KV SS Gachibowli,160,220/132KV,119,96,05:00,2026-06-19,17:00,8712462672,2026-06-20 11:20:20.563,,89
707,771,292,220/132/33KV SS Gachibowli,80,132/33KV,64,38,05:00,2026-06-19,17:00,8712462672,2026-06-20 11:20:20.567,,89
708,772,292,220/132/33KV SS Gachibowli,160,220/132KV,119,96,05:00,2026-06-19,17:00,8712462672,2026-06-20 11:20:20.573,,89
709,773,292,220/132/33KV SS Gachibowli,160,220/132KV,61,36,05:00,2026-06-19,17:00,8712462672,2026-06-20 11:20:20.583,,89
710,774,292,220/132/33KV SS Gachibowli,80,132/33KV,61,38,05:00,2026-06-19,18:00,8712462672,2026-06-20 11:20:20.587,,89
711,1094,292,220/132/33KV SS Gachibowli,80,132/33KV,52,38,05:00,2026-06-19,18:00,8712462672,2026-06-20 11:20:20.590,,89
712,768,292,220/132/33KV SS Gachibowli,50,132/33KV,29,20,05:00,2026-06-20,21:00,8712462672,2026-06-21 10:21:24.253,,90
713,769,292,220/132/33KV SS Gachibowli,160,220/132KV,97,82,04:00,2026-06-20,19:00,8712462672,2026-06-21 10:21:24.257,,90
714,770,292,220/132/33KV SS Gachibowli,160,220/132KV,108,90,04:00,2026-06-20,19:00,8712462672,2026-06-21 10:21:24.260,,90
715,771,292,220/132/33KV SS Gachibowli,80,132/33KV,42,34,05:00,2026-06-20,11:00,8712462672,2026-06-21 10:21:24.277,,90
716,772,292,220/132/33KV SS Gachibowli,160,220/132KV,108,90,04:01,2026-06-20,19:00,8712462672,2026-06-21 10:21:24.280,,90
717,773,292,220/132/33KV SS Gachibowli,160,220/132KV,107,92,05:00,2026-06-20,19:00,8712462672,2026-06-21 10:21:24.287,,90
718,774,292,220/132/33KV SS Gachibowli,80,132/33KV,40,32,04:00,2026-06-20,11:00,8712462672,2026-06-21 10:21:24.290,,90
719,1094,292,220/132/33KV SS Gachibowli,80,132/33KV,46,36,04:01,2026-06-20,21:00,8712462672,2026-06-21 10:21:24.303,,90
720,768,292,220/132/33KV SS Gachibowli,50,132/33KV,28,20,04:00,2026-06-21,20:00,8712462672,2026-06-22 00:30:43.860,,91
721,769,292,220/132/33KV SS Gachibowli,160,220/132KV,92,76,05:00,2026-06-21,22:00,8712462672,2026-06-22 00:30:43.863,,91
722,770,292,220/132/33KV SS Gachibowli,160,220/132KV,102,72,05:00,2026-06-21,22:00,8712462672,2026-06-22 00:30:43.877,,91
723,771,292,220/132/33KV SS Gachibowli,80,132/33KV,33,22,07:00,2026-06-21,19:00,8712462672,2026-06-22 00:30:43.880,,91
724,772,292,220/132/33KV SS Gachibowli,160,220/132KV,102,88,05:00,2026-06-21,22:00,8712462672,2026-06-22 00:30:43.883,,91
725,773,292,220/132/33KV SS Gachibowli,160,220/132KV,102,72,05:00,2026-06-21,22:00,8712462672,2026-06-22 00:30:43.887,,91
726,774,292,220/132/33KV SS Gachibowli,80,132/33KV,31,20,06:00,2026-06-21,19:00,8712462672,2026-06-22 00:30:43.900,,91
727,1094,292,220/132/33KV SS Gachibowli,80,132/33KV,44,30,06:00,2026-06-21,20:00,8712462672,2026-06-22 00:30:43.903,,91
728,768,292,220/132/33KV SS Gachibowli,50,132/33KV,30,22,04:00,2026-06-22,20:00,8712462672,2026-06-23 00:20:48.043,,92
729,769,292,220/132/33KV SS Gachibowli,160,220/132KV,105,70,04:00,2026-06-22,19:00,8712462672,2026-06-23 00:20:48.050,,92
730,770,292,220/132/33KV SS Gachibowli,160,220/132KV,116,78,04:00,2026-06-22,19:00,8712462672,2026-06-23 00:20:48.067,,92
731,771,292,220/132/33KV SS Gachibowli,80,132/33KV,56,26,04:00,2026-06-22,10:00,8712462672,2026-06-23 00:20:48.070,,92
732,772,292,220/132/33KV SS Gachibowli,160,220/132KV,117,78,04:00,2026-06-22,19:00,8712462672,2026-06-23 00:20:48.077,,92
733,773,292,220/132/33KV SS Gachibowli,160,220/132KV,116,78,04:00,2026-06-22,19:00,8712462672,2026-06-23 00:20:48.080,,92
734,774,292,220/132/33KV SS Gachibowli,80,132/33KV,54,24,04:00,2026-06-22,10:00,8712462672,2026-06-23 00:20:48.090,,92
735,1094,292,220/132/33KV SS Gachibowli,80,132/33KV,47,34,04:00,2026-06-22,20:00,8712462672,2026-06-23 00:20:48.093,,92
736,768,292,220/132/33KV SS Gachibowli,50,132/33KV,29,15,04:00,2026-06-23,19:00,8712462672,2026-06-24 00:24:07.003,,93
737,769,292,220/132/33KV SS Gachibowli,160,220/132KV,103,59,04:00,2026-06-23,19:00,8712462672,2026-06-24 00:24:07.013,,93
738,770,292,220/132/33KV SS Gachibowli,160,220/132KV,114,66,04:00,2026-06-23,19:00,8712462672,2026-06-24 00:24:07.017,,93
739,771,292,220/132/33KV SS Gachibowli,80,132/33KV,54,31,05:00,2026-06-23,14:00,8712462672,2026-06-24 00:24:07.023,,93
740,772,292,220/132/33KV SS Gachibowli,160,220/132KV,114,66,04:00,2026-06-23,19:00,8712462672,2026-06-24 00:24:07.030,,93
741,773,292,220/132/33KV SS Gachibowli,160,220/132KV,113,65,04:00,2026-06-23,19:00,8712462672,2026-06-24 00:24:07.033,,93
742,774,292,220/132/33KV SS Gachibowli,80,132/33KV,52,28,05:00,2026-06-23,14:00,8712462672,2026-06-24 00:24:07.043,,93
743,1094,292,220/132/33KV SS Gachibowli,80,132/33KV,45,22,04:00,2026-06-23,19:00,8712462672,2026-06-24 00:24:07.047,,93
744,768,292,220/132/33KV SS Gachibowli,50,132/33KV,32,20,04:00,2026-06-24,19:00,8712462672,2026-06-25 00:11:55.790,,94
745,769,292,220/132/33KV SS Gachibowli,160,220/132KV,97,67,04:00,2026-06-24,18:00,8712462672,2026-06-25 00:11:55.810,,94
746,770,292,220/132/33KV SS Gachibowli,160,220/132KV,108,75,04:00,2026-06-24,18:00,8712462672,2026-06-25 00:11:55.813,,94
747,771,292,220/132/33KV SS Gachibowli,80,132/33KV,52,30,04:00,2026-06-24,11:00,8712462672,2026-06-25 00:11:55.820,,94
748,772,292,220/132/33KV SS Gachibowli,160,220/132KV,107,75,04:00,2026-06-24,18:00,8712462672,2026-06-25 00:11:55.823,,94
749,773,292,220/132/33KV SS Gachibowli,160,220/132KV,107,74,04:00,2026-06-24,18:00,8712462672,2026-06-25 00:11:55.827,,94
750,774,292,220/132/33KV SS Gachibowli,80,132/33KV,50,29,04:00,2026-06-24,11:00,8712462672,2026-06-25 00:11:55.833,,94
751,1094,292,220/132/33KV SS Gachibowli,80,132/33KV,50,31,04:00,2026-06-24,19:00,8712462672,2026-06-25 00:11:55.840,,94
